year,prefecture,sales_quantity_kl,sales_source,production_quantity_kl,production_source,population_total_k,age_0_14_k,age_15_plus_k,region
1963,北海道,67006.0,jikeiretsu_13,,,5118.8,,,北海道
1963,青森,17091.0,jikeiretsu_13,,,1421.0,,,東北
1963,岩手,18326.0,jikeiretsu_13,,,1426.2,,,東北
1963,宮城,18964.0,jikeiretsu_13,,,1749.0,,,東北
1963,秋田,19851.0,jikeiretsu_13,,,1302.4,,,東北
1963,山形,16748.0,jikeiretsu_13,,,1286.2,,,東北
1963,福島,25535.0,jikeiretsu_13,,,2010.8,,,東北
1963,茨城,21837.0,jikeiretsu_13,,,2052.4,,,関東
1963,栃木,18398.0,jikeiretsu_13,,,1518.8,,,関東
1963,群馬,17719.0,jikeiretsu_13,,,1594.8,,,関東
1963,埼玉,28479.0,jikeiretsu_13,,,2781.4,,,関東
1963,千葉,26327.0,jikeiretsu_13,,,2543.6,,,関東
1963,東京,114975.0,jikeiretsu_13,,,10395.0,,,関東
1963,神奈川,43442.0,jikeiretsu_13,,,4035.8,,,関東
1963,新潟,31842.0,jikeiretsu_13,,,2416.2,,,中部
1963,富山,15462.0,jikeiretsu_13,,,1028.2,,,中部
1963,石川,13164.0,jikeiretsu_13,,,977.2,,,中部
1963,福井,9112.0,jikeiretsu_13,,,751.8,,,中部
1963,山梨,8680.0,jikeiretsu_13,,,770.6,,,中部
1963,長野,25444.0,jikeiretsu_13,,,1967.2,,,中部
1963,岐阜,17034.0,jikeiretsu_13,,,1675.2,,,中部
1963,静岡,34400.0,jikeiretsu_13,,,2850.2,,,中部
1963,愛知,39357.0,jikeiretsu_13,,,4561.8,,,中部
1963,三重,14371.0,jikeiretsu_13,,,1502.4,,,中部
1963,滋賀,9985.0,jikeiretsu_13,,,849.0,,,近畿
1963,京都,21138.0,jikeiretsu_13,,,2059.0,,,近畿
1963,大阪,68787.0,jikeiretsu_13,,,6196.2,,,近畿
1963,兵庫,42409.0,jikeiretsu_13,,,4148.4,,,近畿
1963,奈良,8173.0,jikeiretsu_13,,,808.0,,,近畿
1963,和歌山,11442.0,jikeiretsu_13,,,1017.0,,,近畿
1963,鳥取,8655.0,jikeiretsu_13,,,587.6,,,中国
1963,島根,11718.0,jikeiretsu_13,,,848.8,,,中国
1963,岡山,17487.0,jikeiretsu_13,,,1655.0,,,中国
1963,広島,28259.0,jikeiretsu_13,,,2242.2,,,中国
1963,山口,20684.0,jikeiretsu_13,,,1567.2,,,中国
1963,徳島,8757.0,jikeiretsu_13,,,827.8,,,四国
1963,香川,9212.0,jikeiretsu_13,,,908.2,,,四国
1963,愛媛,15635.0,jikeiretsu_13,,,1468.0,,,四国
1963,高知,10559.0,jikeiretsu_13,,,829.8,,,四国
1963,福岡,50147.0,jikeiretsu_13,,,3981.8,,,九州・沖縄
1963,佐賀,11413.0,jikeiretsu_13,,,900.4,,,九州・沖縄
1963,長崎,17627.0,jikeiretsu_13,,,1688.6,,,九州・沖縄
1963,熊本,15699.0,jikeiretsu_13,,,1805.0,,,九州・沖縄
1963,大分,13978.0,jikeiretsu_13,,,1208.2,,,九州・沖縄
1963,宮崎,3603.0,jikeiretsu_13,,,1102.6,,,九州・沖縄
1963,鹿児島,2575.0,jikeiretsu_13,,,1897.6,,,九州・沖縄
1963,沖縄,,jikeiretsu_13,,,913.6,,,九州・沖縄
1964,北海道,72724.0,jikeiretsu_13,,,5145.4,,,北海道
1964,青森,18775.0,jikeiretsu_13,,,1419.0,,,東北
1964,岩手,20161.0,jikeiretsu_13,,,1418.6,,,東北
1964,宮城,21981.0,jikeiretsu_13,,,1751.0,,,東北
1964,秋田,21788.0,jikeiretsu_13,,,1291.2,,,東北
1964,山形,18010.0,jikeiretsu_13,,,1274.6,,,東北
1964,福島,27544.0,jikeiretsu_13,,,1997.4,,,東北
1964,茨城,24203.0,jikeiretsu_13,,,2054.2,,,関東
1964,栃木,19446.0,jikeiretsu_13,,,1520.4,,,関東
1964,群馬,19491.0,jikeiretsu_13,,,1600.4,,,関東
1964,埼玉,31701.0,jikeiretsu_13,,,2898.2,,,関東
1964,千葉,29270.0,jikeiretsu_13,,,2622.8,,,関東
1964,東京,121956.0,jikeiretsu_13,,,10632.0,,,関東
1964,神奈川,49034.0,jikeiretsu_13,,,4233.4,,,関東
1964,新潟,34586.0,jikeiretsu_13,,,2407.6,,,中部
1964,富山,15691.0,jikeiretsu_13,,,1026.6,,,中部
1964,石川,13416.0,jikeiretsu_13,,,978.6,,,中部
1964,福井,9463.0,jikeiretsu_13,,,751.4,,,中部
1964,山梨,9694.0,jikeiretsu_13,,,766.8,,,中部
1964,長野,27410.0,jikeiretsu_13,,,1962.6,,,中部
1964,岐阜,17607.0,jikeiretsu_13,,,1687.6,,,中部
1964,静岡,36937.0,jikeiretsu_13,,,2881.6,,,中部
1964,愛知,42156.0,jikeiretsu_13,,,4680.4,,,中部
1964,三重,14778.0,jikeiretsu_13,,,1508.2,,,中部
1964,滋賀,10213.0,jikeiretsu_13,,,851.0,,,近畿
1964,京都,21352.0,jikeiretsu_13,,,2081.0,,,近畿
1964,大阪,75000.0,jikeiretsu_13,,,6426.6,,,近畿
1964,兵庫,45726.0,jikeiretsu_13,,,4229.2,,,近畿
1964,奈良,7882.0,jikeiretsu_13,,,817.0,,,近畿
1964,和歌山,12269.0,jikeiretsu_13,,,1022.0,,,近畿
1964,鳥取,9273.0,jikeiretsu_13,,,583.8,,,中国
1964,島根,12656.0,jikeiretsu_13,,,835.4,,,中国
1964,岡山,19223.0,jikeiretsu_13,,,1650.0,,,中国
1964,広島,29346.0,jikeiretsu_13,,,2261.6,,,中国
1964,山口,21623.0,jikeiretsu_13,,,1555.6,,,中国
1964,徳島,8970.0,jikeiretsu_13,,,821.4,,,四国
1964,香川,9411.0,jikeiretsu_13,,,904.6,,,四国
1964,愛媛,17409.0,jikeiretsu_13,,,1457.0,,,四国
1964,高知,12420.0,jikeiretsu_13,,,821.4,,,四国
1964,福岡,53524.0,jikeiretsu_13,,,3973.4,,,九州・沖縄
1964,佐賀,12293.0,jikeiretsu_13,,,886.2,,,九州・沖縄
1964,長崎,18880.0,jikeiretsu_13,,,1664.8,,,九州・沖縄
1964,熊本,16598.0,jikeiretsu_13,,,1788.0,,,九州・沖縄
1964,大分,14667.0,jikeiretsu_13,,,1197.6,,,九州・沖縄
1964,宮崎,3482.0,jikeiretsu_13,,,1091.8,,,九州・沖縄
1964,鹿児島,2555.0,jikeiretsu_13,,,1875.8,,,九州・沖縄
1964,沖縄,,jikeiretsu_13,,,923.8,,,九州・沖縄
1965,北海道,69747.0,jikeiretsu_13,,,5172.0,,,北海道
1965,青森,20469.0,jikeiretsu_13,,,1417.0,,,東北
1965,岩手,20871.0,jikeiretsu_13,,,1411.0,,,東北
1965,宮城,23940.0,jikeiretsu_13,,,1753.0,,,東北
1965,秋田,23803.0,jikeiretsu_13,,,1280.0,,,東北
1965,山形,19253.0,jikeiretsu_13,,,1263.0,,,東北
1965,福島,28443.0,jikeiretsu_13,,,1984.0,,,東北
1965,茨城,25964.0,jikeiretsu_13,,,2056.0,,,関東
1965,栃木,20724.0,jikeiretsu_13,,,1522.0,,,関東
1965,群馬,20104.0,jikeiretsu_13,,,1606.0,,,関東
1965,埼玉,33753.0,jikeiretsu_13,,,3015.0,,,関東
1965,千葉,30700.0,jikeiretsu_13,,,2702.0,,,関東
1965,東京,125243.0,jikeiretsu_13,,,10869.0,,,関東
1965,神奈川,50809.0,jikeiretsu_13,,,4431.0,,,関東
1965,新潟,36603.0,jikeiretsu_13,,,2399.0,,,中部
1965,富山,15685.0,jikeiretsu_13,,,1025.0,,,中部
1965,石川,13867.0,jikeiretsu_13,,,980.0,,,中部
1965,福井,9836.0,jikeiretsu_13,,,751.0,,,中部
1965,山梨,10298.0,jikeiretsu_13,,,763.0,,,中部
1965,長野,28389.0,jikeiretsu_13,,,1958.0,,,中部
1965,岐阜,17771.0,jikeiretsu_13,,,1700.0,,,中部
1965,静岡,38502.0,jikeiretsu_13,,,2913.0,,,中部
1965,愛知,43133.0,jikeiretsu_13,,,4799.0,,,中部
1965,三重,15197.0,jikeiretsu_13,,,1514.0,,,中部
1965,滋賀,10595.0,jikeiretsu_13,,,853.0,,,近畿
1965,京都,22494.0,jikeiretsu_13,,,2103.0,,,近畿
1965,大阪,77331.0,jikeiretsu_13,,,6657.0,,,近畿
1965,兵庫,48631.0,jikeiretsu_13,,,4310.0,,,近畿
1965,奈良,8596.0,jikeiretsu_13,,,826.0,,,近畿
1965,和歌山,12588.0,jikeiretsu_13,,,1027.0,,,近畿
1965,鳥取,9485.0,jikeiretsu_13,,,580.0,,,中国
1965,島根,13404.0,jikeiretsu_13,,,822.0,,,中国
1965,岡山,20180.0,jikeiretsu_13,,,1645.0,,,中国
1965,広島,31650.0,jikeiretsu_13,,,2281.0,,,中国
1965,山口,21826.0,jikeiretsu_13,,,1544.0,,,中国
1965,徳島,9411.0,jikeiretsu_13,,,815.0,,,四国
1965,香川,9300.0,jikeiretsu_13,,,901.0,,,四国
1965,愛媛,17960.0,jikeiretsu_13,,,1446.0,,,四国
1965,高知,12029.0,jikeiretsu_13,,,813.0,,,四国
1965,福岡,56515.0,jikeiretsu_13,,,3965.0,,,九州・沖縄
1965,佐賀,13159.0,jikeiretsu_13,,,872.0,,,九州・沖縄
1965,長崎,20186.0,jikeiretsu_13,,,1641.0,,,九州・沖縄
1965,熊本,17309.0,jikeiretsu_13,,,1771.0,,,九州・沖縄
1965,大分,15570.0,jikeiretsu_13,,,1187.0,,,九州・沖縄
1965,宮崎,3236.0,jikeiretsu_13,,,1081.0,,,九州・沖縄
1965,鹿児島,2287.0,jikeiretsu_13,,,1854.0,,,九州・沖縄
1965,沖縄,,jikeiretsu_13,,,934.0,,,九州・沖縄
1966,北海道,78019.0,jikeiretsu_13,,,5174.4,,,北海道
1966,青森,23513.0,jikeiretsu_13,,,1419.2,,,東北
1966,岩手,23964.0,jikeiretsu_13,,,1403.0,,,東北
1966,宮城,28098.0,jikeiretsu_13,,,1766.2,,,東北
1966,秋田,26810.0,jikeiretsu_13,,,1272.2,,,東北
1966,山形,22150.0,jikeiretsu_13,,,1255.6,,,東北
1966,福島,32651.0,jikeiretsu_13,,,1976.4,,,東北
1966,茨城,29440.0,jikeiretsu_13,,,2073.6,,,関東
1966,栃木,23107.0,jikeiretsu_13,,,1533.6,,,関東
1966,群馬,22555.0,jikeiretsu_13,,,1616.6,,,関東
1966,埼玉,38828.0,jikeiretsu_13,,,3185.2,,,関東
1966,千葉,34404.0,jikeiretsu_13,,,2835.0,,,関東
1966,東京,136551.0,jikeiretsu_13,,,10976.8,,,関東
1966,神奈川,56090.0,jikeiretsu_13,,,4639.2,,,関東
1966,新潟,41474.0,jikeiretsu_13,,,2391.4,,,中部
1966,富山,17019.0,jikeiretsu_13,,,1026.0,,,中部
1966,石川,15258.0,jikeiretsu_13,,,984.4,,,中部
1966,福井,10711.0,jikeiretsu_13,,,749.6,,,中部
1966,山梨,11660.0,jikeiretsu_13,,,762.8,,,中部
1966,長野,32198.0,jikeiretsu_13,,,1957.8,,,中部
1966,岐阜,19496.0,jikeiretsu_13,,,1711.8,,,中部
1966,静岡,42576.0,jikeiretsu_13,,,2948.4,,,中部
1966,愛知,48448.0,jikeiretsu_13,,,4916.4,,,中部
1966,三重,16936.0,jikeiretsu_13,,,1519.8,,,中部
1966,滋賀,11565.0,jikeiretsu_13,,,860.4,,,近畿
1966,京都,24935.0,jikeiretsu_13,,,2132.4,,,近畿
1966,大阪,87507.0,jikeiretsu_13,,,6849.6,,,近畿
1966,兵庫,53374.0,jikeiretsu_13,,,4381.6,,,近畿
1966,奈良,9757.0,jikeiretsu_13,,,846.8,,,近畿
1966,和歌山,14660.0,jikeiretsu_13,,,1030.2,,,近畿
1966,鳥取,11993.0,jikeiretsu_13,,,577.8,,,中国
1966,島根,15187.0,jikeiretsu_13,,,812.4,,,中国
1966,岡山,23061.0,jikeiretsu_13,,,1657.4,,,中国
1966,広島,36463.0,jikeiretsu_13,,,2312.0,,,中国
1966,山口,24951.0,jikeiretsu_13,,,1537.4,,,中国
1966,徳島,10604.0,jikeiretsu_13,,,810.2,,,四国
1966,香川,11670.0,jikeiretsu_13,,,902.4,,,四国
1966,愛媛,21249.0,jikeiretsu_13,,,1440.4,,,四国
1966,高知,14114.0,jikeiretsu_13,,,807.8,,,四国
1966,福岡,62240.0,jikeiretsu_13,,,3977.4,,,九州・沖縄
1966,佐賀,14896.0,jikeiretsu_13,,,865.2,,,九州・沖縄
1966,長崎,22382.0,jikeiretsu_13,,,1626.8,,,九州・沖縄
1966,熊本,19132.0,jikeiretsu_13,,,1756.8,,,九州・沖縄
1966,大分,16884.0,jikeiretsu_13,,,1180.8,,,九州・沖縄
1966,宮崎,3206.0,jikeiretsu_13,,,1075.0,,,九州・沖縄
1966,鹿児島,2126.0,jikeiretsu_13,,,1829.0,,,九州・沖縄
1966,沖縄,,jikeiretsu_13,,,936.2,,,九州・沖縄
1967,北海道,75147.0,jikeiretsu_13,,,5176.8,,,北海道
1967,青森,24772.0,jikeiretsu_13,,,1421.4,,,東北
1967,岩手,23589.0,jikeiretsu_13,,,1395.0,,,東北
1967,宮城,29294.0,jikeiretsu_13,,,1779.4,,,東北
1967,秋田,28502.0,jikeiretsu_13,,,1264.4,,,東北
1967,山形,22593.0,jikeiretsu_13,,,1248.2,,,東北
1967,福島,33413.0,jikeiretsu_13,,,1968.8,,,東北
1967,茨城,31764.0,jikeiretsu_13,,,2091.2,,,関東
1967,栃木,23665.0,jikeiretsu_13,,,1545.2,,,関東
1967,群馬,22978.0,jikeiretsu_13,,,1627.2,,,関東
1967,埼玉,40342.0,jikeiretsu_13,,,3355.4,,,関東
1967,千葉,36770.0,jikeiretsu_13,,,2968.0,,,関東
1967,東京,137639.0,jikeiretsu_13,,,11084.6,,,関東
1967,神奈川,57770.0,jikeiretsu_13,,,4847.4,,,関東
1967,新潟,41554.0,jikeiretsu_13,,,2383.8,,,中部
1967,富山,16023.0,jikeiretsu_13,,,1027.0,,,中部
1967,石川,15307.0,jikeiretsu_13,,,988.8,,,中部
1967,福井,10955.0,jikeiretsu_13,,,748.2,,,中部
1967,山梨,11786.0,jikeiretsu_13,,,762.6,,,中部
1967,長野,31794.0,jikeiretsu_13,,,1957.6,,,中部
1967,岐阜,19761.0,jikeiretsu_13,,,1723.6,,,中部
1967,静岡,43126.0,jikeiretsu_13,,,2983.8,,,中部
1967,愛知,50668.0,jikeiretsu_13,,,5033.8,,,中部
1967,三重,16944.0,jikeiretsu_13,,,1525.6,,,中部
1967,滋賀,11863.0,jikeiretsu_13,,,867.8,,,近畿
1967,京都,25632.0,jikeiretsu_13,,,2161.8,,,近畿
1967,大阪,90543.0,jikeiretsu_13,,,7042.2,,,近畿
1967,兵庫,54320.0,jikeiretsu_13,,,4453.2,,,近畿
1967,奈良,10303.0,jikeiretsu_13,,,867.6,,,近畿
1967,和歌山,14827.0,jikeiretsu_13,,,1033.4,,,近畿
1967,鳥取,11007.0,jikeiretsu_13,,,575.6,,,中国
1967,島根,15011.0,jikeiretsu_13,,,802.8,,,中国
1967,岡山,23414.0,jikeiretsu_13,,,1669.8,,,中国
1967,広島,37550.0,jikeiretsu_13,,,2343.0,,,中国
1967,山口,24385.0,jikeiretsu_13,,,1530.8,,,中国
1967,徳島,10602.0,jikeiretsu_13,,,805.4,,,四国
1967,香川,11338.0,jikeiretsu_13,,,903.8,,,四国
1967,愛媛,18979.0,jikeiretsu_13,,,1434.8,,,四国
1967,高知,13981.0,jikeiretsu_13,,,802.6,,,四国
1967,福岡,62214.0,jikeiretsu_13,,,3989.8,,,九州・沖縄
1967,佐賀,15059.0,jikeiretsu_13,,,858.4,,,九州・沖縄
1967,長崎,22512.0,jikeiretsu_13,,,1612.6,,,九州・沖縄
1967,熊本,18515.0,jikeiretsu_13,,,1742.6,,,九州・沖縄
1967,大分,16496.0,jikeiretsu_13,,,1174.6,,,九州・沖縄
1967,宮崎,3070.0,jikeiretsu_13,,,1069.0,,,九州・沖縄
1967,鹿児島,1957.0,jikeiretsu_13,,,1804.0,,,九州・沖縄
1967,沖縄,,jikeiretsu_13,,,938.4,,,九州・沖縄
1968,北海道,76037.0,jikeiretsu_13,,,5179.2,,,北海道
1968,青森,25438.0,jikeiretsu_13,,,1423.6,,,東北
1968,岩手,25056.0,jikeiretsu_13,,,1387.0,,,東北
1968,宮城,30679.0,jikeiretsu_13,,,1792.6,,,東北
1968,秋田,29707.0,jikeiretsu_13,,,1256.6,,,東北
1968,山形,24066.0,jikeiretsu_13,,,1240.8,,,東北
1968,福島,35442.0,jikeiretsu_13,,,1961.2,,,東北
1968,茨城,31000.0,jikeiretsu_13,,,2108.8,,,関東
1968,栃木,24644.0,jikeiretsu_13,,,1556.8,,,関東
1968,群馬,23961.0,jikeiretsu_13,,,1637.8,,,関東
1968,埼玉,42632.0,jikeiretsu_13,,,3525.6,,,関東
1968,千葉,37807.0,jikeiretsu_13,,,3101.0,,,関東
1968,東京,143211.0,jikeiretsu_13,,,11192.4,,,関東
1968,神奈川,61356.0,jikeiretsu_13,,,5055.6,,,関東
1968,新潟,44172.0,jikeiretsu_13,,,2376.2,,,中部
1968,富山,16356.0,jikeiretsu_13,,,1028.0,,,中部
1968,石川,15352.0,jikeiretsu_13,,,993.2,,,中部
1968,福井,10581.0,jikeiretsu_13,,,746.8,,,中部
1968,山梨,12043.0,jikeiretsu_13,,,762.4,,,中部
1968,長野,33166.0,jikeiretsu_13,,,1957.4,,,中部
1968,岐阜,19697.0,jikeiretsu_13,,,1735.4,,,中部
1968,静岡,44262.0,jikeiretsu_13,,,3019.2,,,中部
1968,愛知,51770.0,jikeiretsu_13,,,5151.2,,,中部
1968,三重,17128.0,jikeiretsu_13,,,1531.4,,,中部
1968,滋賀,12155.0,jikeiretsu_13,,,875.2,,,近畿
1968,京都,25252.0,jikeiretsu_13,,,2191.2,,,近畿
1968,大阪,94876.0,jikeiretsu_13,,,7234.8,,,近畿
1968,兵庫,55084.0,jikeiretsu_13,,,4524.8,,,近畿
1968,奈良,9947.0,jikeiretsu_13,,,888.4,,,近畿
1968,和歌山,14628.0,jikeiretsu_13,,,1036.6,,,近畿
1968,鳥取,10981.0,jikeiretsu_13,,,573.4,,,中国
1968,島根,15729.0,jikeiretsu_13,,,793.2,,,中国
1968,岡山,24378.0,jikeiretsu_13,,,1682.2,,,中国
1968,広島,37525.0,jikeiretsu_13,,,2374.0,,,中国
1968,山口,25409.0,jikeiretsu_13,,,1524.2,,,中国
1968,徳島,10836.0,jikeiretsu_13,,,800.6,,,四国
1968,香川,11336.0,jikeiretsu_13,,,905.2,,,四国
1968,愛媛,19778.0,jikeiretsu_13,,,1429.2,,,四国
1968,高知,14603.0,jikeiretsu_13,,,797.4,,,四国
1968,福岡,63719.0,jikeiretsu_13,,,4002.2,,,九州・沖縄
1968,佐賀,15896.0,jikeiretsu_13,,,851.6,,,九州・沖縄
1968,長崎,23257.0,jikeiretsu_13,,,1598.4,,,九州・沖縄
1968,熊本,18443.0,jikeiretsu_13,,,1728.4,,,九州・沖縄
1968,大分,16368.0,jikeiretsu_13,,,1168.4,,,九州・沖縄
1968,宮崎,2982.0,jikeiretsu_13,,,1063.0,,,九州・沖縄
1968,鹿児島,1746.0,jikeiretsu_13,,,1779.0,,,九州・沖縄
1968,沖縄,,jikeiretsu_13,,,940.6,,,九州・沖縄
1969,北海道,78376.0,jikeiretsu_13,,,5181.6,,,北海道
1969,青森,26577.0,jikeiretsu_13,,,1425.8,,,東北
1969,岩手,25851.0,jikeiretsu_13,,,1379.0,,,東北
1969,宮城,32910.0,jikeiretsu_13,,,1805.8,,,東北
1969,秋田,31029.0,jikeiretsu_13,,,1248.8,,,東北
1969,山形,25564.0,jikeiretsu_13,,,1233.4,,,東北
1969,福島,40448.0,jikeiretsu_13,,,1953.6,,,東北
1969,茨城,34867.0,jikeiretsu_13,,,2126.4,,,関東
1969,栃木,27196.0,jikeiretsu_13,,,1568.4,,,関東
1969,群馬,25855.0,jikeiretsu_13,,,1648.4,,,関東
1969,埼玉,46772.0,jikeiretsu_13,,,3695.8,,,関東
1969,千葉,43559.0,jikeiretsu_13,,,3234.0,,,関東
1969,東京,151324.0,jikeiretsu_13,,,11300.2,,,関東
1969,神奈川,65952.0,jikeiretsu_13,,,5263.8,,,関東
1969,新潟,46937.0,jikeiretsu_13,,,2368.6,,,中部
1969,富山,17544.0,jikeiretsu_13,,,1029.0,,,中部
1969,石川,15398.0,jikeiretsu_13,,,997.6,,,中部
1969,福井,11179.0,jikeiretsu_13,,,745.4,,,中部
1969,山梨,13210.0,jikeiretsu_13,,,762.2,,,中部
1969,長野,35748.0,jikeiretsu_13,,,1957.2,,,中部
1969,岐阜,21470.0,jikeiretsu_13,,,1747.2,,,中部
1969,静岡,47483.0,jikeiretsu_13,,,3054.6,,,中部
1969,愛知,56674.0,jikeiretsu_13,,,5268.6,,,中部
1969,三重,18371.0,jikeiretsu_13,,,1537.2,,,中部
1969,滋賀,13052.0,jikeiretsu_13,,,882.6,,,近畿
1969,京都,27524.0,jikeiretsu_13,,,2220.6,,,近畿
1969,大阪,101987.0,jikeiretsu_13,,,7427.4,,,近畿
1969,兵庫,58847.0,jikeiretsu_13,,,4596.4,,,近畿
1969,奈良,11247.0,jikeiretsu_13,,,909.2,,,近畿
1969,和歌山,15637.0,jikeiretsu_13,,,1039.8,,,近畿
1969,鳥取,11490.0,jikeiretsu_13,,,571.2,,,中国
1969,島根,16385.0,jikeiretsu_13,,,783.6,,,中国
1969,岡山,25815.0,jikeiretsu_13,,,1694.6,,,中国
1969,広島,39342.0,jikeiretsu_13,,,2405.0,,,中国
1969,山口,26712.0,jikeiretsu_13,,,1517.6,,,中国
1969,徳島,10882.0,jikeiretsu_13,,,795.8,,,四国
1969,香川,11784.0,jikeiretsu_13,,,906.6,,,四国
1969,愛媛,21307.0,jikeiretsu_13,,,1423.6,,,四国
1969,高知,15085.0,jikeiretsu_13,,,792.2,,,四国
1969,福岡,66159.0,jikeiretsu_13,,,4014.6,,,九州・沖縄
1969,佐賀,16707.0,jikeiretsu_13,,,844.8,,,九州・沖縄
1969,長崎,24041.0,jikeiretsu_13,,,1584.2,,,九州・沖縄
1969,熊本,18434.0,jikeiretsu_13,,,1714.2,,,九州・沖縄
1969,大分,16393.0,jikeiretsu_13,,,1162.2,,,九州・沖縄
1969,宮崎,2873.0,jikeiretsu_13,,,1057.0,,,九州・沖縄
1969,鹿児島,1694.0,jikeiretsu_13,,,1754.0,,,九州・沖縄
1969,沖縄,,jikeiretsu_13,,,942.8,,,九州・沖縄
1970,北海道,76590.0,jikeiretsu_13,,,5184.0,,,北海道
1970,青森,26519.0,jikeiretsu_13,,,1428.0,,,東北
1970,岩手,26466.0,jikeiretsu_13,,,1371.0,,,東北
1970,宮城,33636.0,jikeiretsu_13,,,1819.0,,,東北
1970,秋田,30677.0,jikeiretsu_13,,,1241.0,,,東北
1970,山形,26414.0,jikeiretsu_13,,,1226.0,,,東北
1970,福島,39293.0,jikeiretsu_13,,,1946.0,,,東北
1970,茨城,37046.0,jikeiretsu_13,,,2144.0,,,関東
1970,栃木,27785.0,jikeiretsu_13,,,1580.0,,,関東
1970,群馬,26848.0,jikeiretsu_13,,,1659.0,,,関東
1970,埼玉,50799.0,jikeiretsu_13,,,3866.0,,,関東
1970,千葉,45223.0,jikeiretsu_13,,,3367.0,,,関東
1970,東京,153627.0,jikeiretsu_13,,,11408.0,,,関東
1970,神奈川,68684.0,jikeiretsu_13,,,5472.0,,,関東
1970,新潟,49145.0,jikeiretsu_13,,,2361.0,,,中部
1970,富山,18635.0,jikeiretsu_13,,,1030.0,,,中部
1970,石川,16114.0,jikeiretsu_13,,,1002.0,,,中部
1970,福井,11595.0,jikeiretsu_13,,,744.0,,,中部
1970,山梨,13781.0,jikeiretsu_13,,,762.0,,,中部
1970,長野,36713.0,jikeiretsu_13,,,1957.0,,,中部
1970,岐阜,22221.0,jikeiretsu_13,,,1759.0,,,中部
1970,静岡,47983.0,jikeiretsu_13,,,3090.0,,,中部
1970,愛知,60618.0,jikeiretsu_13,,,5386.0,,,中部
1970,三重,19469.0,jikeiretsu_13,,,1543.0,,,中部
1970,滋賀,13490.0,jikeiretsu_13,,,890.0,,,近畿
1970,京都,29111.0,jikeiretsu_13,,,2250.0,,,近畿
1970,大阪,104290.0,jikeiretsu_13,,,7620.0,,,近畿
1970,兵庫,60376.0,jikeiretsu_13,,,4668.0,,,近畿
1970,奈良,11683.0,jikeiretsu_13,,,930.0,,,近畿
1970,和歌山,15878.0,jikeiretsu_13,,,1043.0,,,近畿
1970,鳥取,11691.0,jikeiretsu_13,,,569.0,,,中国
1970,島根,16576.0,jikeiretsu_13,,,774.0,,,中国
1970,岡山,26728.0,jikeiretsu_13,,,1707.0,,,中国
1970,広島,41062.0,jikeiretsu_13,,,2436.0,,,中国
1970,山口,27274.0,jikeiretsu_13,,,1511.0,,,中国
1970,徳島,11781.0,jikeiretsu_13,,,791.0,,,四国
1970,香川,12059.0,jikeiretsu_13,,,908.0,,,四国
1970,愛媛,21639.0,jikeiretsu_13,,,1418.0,,,四国
1970,高知,16158.0,jikeiretsu_13,,,787.0,,,四国
1970,福岡,66933.0,jikeiretsu_13,,,4027.0,,,九州・沖縄
1970,佐賀,16993.0,jikeiretsu_13,,,838.0,,,九州・沖縄
1970,長崎,23962.0,jikeiretsu_13,,,1570.0,,,九州・沖縄
1970,熊本,18129.0,jikeiretsu_13,,,1700.0,,,九州・沖縄
1970,大分,16349.0,jikeiretsu_13,,,1156.0,,,九州・沖縄
1970,宮崎,2791.0,jikeiretsu_13,,,1051.0,,,九州・沖縄
1970,鹿児島,1678.0,jikeiretsu_13,,,1729.0,,,九州・沖縄
1970,沖縄,,jikeiretsu_13,,,945.0,,,九州・沖縄
1971,北海道,73529.0,jikeiretsu_13,,,5214.8,,,北海道
1971,青森,27268.0,jikeiretsu_13,,,1436.2,,,東北
1971,岩手,26715.0,jikeiretsu_13,,,1374.0,,,東北
1971,宮城,34833.0,jikeiretsu_13,,,1846.2,,,東北
1971,秋田,32072.0,jikeiretsu_13,,,1239.2,,,東北
1971,山形,26701.0,jikeiretsu_13,,,1224.8,,,東北
1971,福島,41095.0,jikeiretsu_13,,,1951.0,,,東北
1971,茨城,37185.0,jikeiretsu_13,,,2183.6,,,関東
1971,栃木,29207.0,jikeiretsu_13,,,1603.6,,,関東
1971,群馬,27298.0,jikeiretsu_13,,,1678.4,,,関東
1971,埼玉,53785.0,jikeiretsu_13,,,4057.0,,,関東
1971,千葉,46339.0,jikeiretsu_13,,,3523.4,,,関東
1971,東京,154729.0,jikeiretsu_13,,,11461.2,,,関東
1971,神奈川,70209.0,jikeiretsu_13,,,5657.2,,,関東
1971,新潟,49971.0,jikeiretsu_13,,,2367.2,,,中部
1971,富山,19080.0,jikeiretsu_13,,,1038.2,,,中部
1971,石川,16941.0,jikeiretsu_13,,,1015.6,,,中部
1971,福井,11484.0,jikeiretsu_13,,,750.0,,,中部
1971,山梨,12934.0,jikeiretsu_13,,,766.2,,,中部
1971,長野,37682.0,jikeiretsu_13,,,1969.2,,,中部
1971,岐阜,23009.0,jikeiretsu_13,,,1780.8,,,中部
1971,静岡,48917.0,jikeiretsu_13,,,3133.8,,,中部
1971,愛知,61584.0,jikeiretsu_13,,,5493.6,,,中部
1971,三重,19933.0,jikeiretsu_13,,,1559.6,,,中部
1971,滋賀,14289.0,jikeiretsu_13,,,909.2,,,近畿
1971,京都,29016.0,jikeiretsu_13,,,2285.0,,,近畿
1971,大阪,105364.0,jikeiretsu_13,,,7751.8,,,近畿
1971,兵庫,60941.0,jikeiretsu_13,,,4732.8,,,近畿
1971,奈良,11279.0,jikeiretsu_13,,,959.4,,,近畿
1971,和歌山,16058.0,jikeiretsu_13,,,1048.8,,,近畿
1971,鳥取,11539.0,jikeiretsu_13,,,571.4,,,中国
1971,島根,17029.0,jikeiretsu_13,,,773.0,,,中国
1971,岡山,26714.0,jikeiretsu_13,,,1728.4,,,中国
1971,広島,41612.0,jikeiretsu_13,,,2478.0,,,中国
1971,山口,27366.0,jikeiretsu_13,,,1519.8,,,中国
1971,徳島,11721.0,jikeiretsu_13,,,793.8,,,四国
1971,香川,12781.0,jikeiretsu_13,,,918.6,,,四国
1971,愛媛,22041.0,jikeiretsu_13,,,1427.4,,,四国
1971,高知,15597.0,jikeiretsu_13,,,791.2,,,四国
1971,福岡,66151.0,jikeiretsu_13,,,4080.2,,,九州・沖縄
1971,佐賀,17171.0,jikeiretsu_13,,,838.0,,,九州・沖縄
1971,長崎,23807.0,jikeiretsu_13,,,1570.4,,,九州・沖縄
1971,熊本,17727.0,jikeiretsu_13,,,1703.0,,,九州・沖縄
1971,大分,16199.0,jikeiretsu_13,,,1162.8,,,九州・沖縄
1971,宮崎,2785.0,jikeiretsu_13,,,1057.8,,,九州・沖縄
1971,鹿児島,1719.0,jikeiretsu_13,,,1728.0,,,九州・沖縄
1971,沖縄,,jikeiretsu_13,,,964.6,,,九州・沖縄
1972,北海道,74275.0,jikeiretsu_13,,,5245.6,,,北海道
1972,青森,27886.0,jikeiretsu_13,,,1444.4,,,東北
1972,岩手,27989.0,jikeiretsu_13,,,1377.0,,,東北
1972,宮城,36249.0,jikeiretsu_13,,,1873.4,,,東北
1972,秋田,33479.0,jikeiretsu_13,,,1237.4,,,東北
1972,山形,28241.0,jikeiretsu_13,,,1223.6,,,東北
1972,福島,42231.0,jikeiretsu_13,,,1956.0,,,東北
1972,茨城,38494.0,jikeiretsu_13,,,2223.2,,,関東
1972,栃木,30485.0,jikeiretsu_13,,,1627.2,,,関東
1972,群馬,28668.0,jikeiretsu_13,,,1697.8,,,関東
1972,埼玉,56641.0,jikeiretsu_13,,,4248.0,,,関東
1972,千葉,48968.0,jikeiretsu_13,,,3679.8,,,関東
1972,東京,157360.0,jikeiretsu_13,,,11514.4,,,関東
1972,神奈川,72494.0,jikeiretsu_13,,,5842.4,,,関東
1972,新潟,52632.0,jikeiretsu_13,,,2373.4,,,中部
1972,富山,19595.0,jikeiretsu_13,,,1046.4,,,中部
1972,石川,17922.0,jikeiretsu_13,,,1029.2,,,中部
1972,福井,11957.0,jikeiretsu_13,,,756.0,,,中部
1972,山梨,13514.0,jikeiretsu_13,,,770.4,,,中部
1972,長野,40443.0,jikeiretsu_13,,,1981.4,,,中部
1972,岐阜,24264.0,jikeiretsu_13,,,1802.6,,,中部
1972,静岡,49424.0,jikeiretsu_13,,,3177.6,,,中部
1972,愛知,64951.0,jikeiretsu_13,,,5601.2,,,中部
1972,三重,21445.0,jikeiretsu_13,,,1576.2,,,中部
1972,滋賀,14816.0,jikeiretsu_13,,,928.4,,,近畿
1972,京都,30618.0,jikeiretsu_13,,,2320.0,,,近畿
1972,大阪,108911.0,jikeiretsu_13,,,7883.6,,,近畿
1972,兵庫,63420.0,jikeiretsu_13,,,4797.6,,,近畿
1972,奈良,12361.0,jikeiretsu_13,,,988.8,,,近畿
1972,和歌山,16903.0,jikeiretsu_13,,,1054.6,,,近畿
1972,鳥取,12756.0,jikeiretsu_13,,,573.8,,,中国
1972,島根,17968.0,jikeiretsu_13,,,772.0,,,中国
1972,岡山,27870.0,jikeiretsu_13,,,1749.8,,,中国
1972,広島,44505.0,jikeiretsu_13,,,2520.0,,,中国
1972,山口,28875.0,jikeiretsu_13,,,1528.6,,,中国
1972,徳島,12170.0,jikeiretsu_13,,,796.6,,,四国
1972,香川,13537.0,jikeiretsu_13,,,929.2,,,四国
1972,愛媛,23648.0,jikeiretsu_13,,,1436.8,,,四国
1972,高知,16846.0,jikeiretsu_13,,,795.4,,,四国
1972,福岡,68194.0,jikeiretsu_13,,,4133.4,,,九州・沖縄
1972,佐賀,17683.0,jikeiretsu_13,,,838.0,,,九州・沖縄
1972,長崎,24242.0,jikeiretsu_13,,,1570.8,,,九州・沖縄
1972,熊本,18369.0,jikeiretsu_13,,,1706.0,,,九州・沖縄
1972,大分,15706.0,jikeiretsu_13,,,1169.6,,,九州・沖縄
1972,宮崎,2979.0,jikeiretsu_13,,,1064.6,,,九州・沖縄
1972,鹿児島,1961.0,jikeiretsu_13,,,1727.0,,,九州・沖縄
1972,沖縄,,jikeiretsu_13,,,984.2,,,九州・沖縄
1973,北海道,73945.0,jikeiretsu_13,,,5276.4,,,北海道
1973,青森,27688.0,jikeiretsu_13,,,1452.6,,,東北
1973,岩手,28368.0,jikeiretsu_13,,,1380.0,,,東北
1973,宮城,37369.0,jikeiretsu_13,,,1900.6,,,東北
1973,秋田,34120.0,jikeiretsu_13,,,1235.6,,,東北
1973,山形,28312.0,jikeiretsu_13,,,1222.4,,,東北
1973,福島,42432.0,jikeiretsu_13,,,1961.0,,,東北
1973,茨城,40316.0,jikeiretsu_13,,,2262.8,,,関東
1973,栃木,32202.0,jikeiretsu_13,,,1650.8,,,関東
1973,群馬,29241.0,jikeiretsu_13,,,1717.2,,,関東
1973,埼玉,59088.0,jikeiretsu_13,,,4439.0,,,関東
1973,千葉,50898.0,jikeiretsu_13,,,3836.2,,,関東
1973,東京,162399.0,jikeiretsu_13,,,11567.6,,,関東
1973,神奈川,74958.0,jikeiretsu_13,,,6027.6,,,関東
1973,新潟,54115.0,jikeiretsu_13,,,2379.6,,,中部
1973,富山,19531.0,jikeiretsu_13,,,1054.6,,,中部
1973,石川,18764.0,jikeiretsu_13,,,1042.8,,,中部
1973,福井,12052.0,jikeiretsu_13,,,762.0,,,中部
1973,山梨,13869.0,jikeiretsu_13,,,774.6,,,中部
1973,長野,40588.0,jikeiretsu_13,,,1993.6,,,中部
1973,岐阜,25153.0,jikeiretsu_13,,,1824.4,,,中部
1973,静岡,51857.0,jikeiretsu_13,,,3221.4,,,中部
1973,愛知,66020.0,jikeiretsu_13,,,5708.8,,,中部
1973,三重,21952.0,jikeiretsu_13,,,1592.8,,,中部
1973,滋賀,15232.0,jikeiretsu_13,,,947.6,,,近畿
1973,京都,30715.0,jikeiretsu_13,,,2355.0,,,近畿
1973,大阪,114363.0,jikeiretsu_13,,,8015.4,,,近畿
1973,兵庫,65887.0,jikeiretsu_13,,,4862.4,,,近畿
1973,奈良,13099.0,jikeiretsu_13,,,1018.2,,,近畿
1973,和歌山,17461.0,jikeiretsu_13,,,1060.4,,,近畿
1973,鳥取,12805.0,jikeiretsu_13,,,576.2,,,中国
1973,島根,18602.0,jikeiretsu_13,,,771.0,,,中国
1973,岡山,29474.0,jikeiretsu_13,,,1771.2,,,中国
1973,広島,45926.0,jikeiretsu_13,,,2562.0,,,中国
1973,山口,29554.0,jikeiretsu_13,,,1537.4,,,中国
1973,徳島,12834.0,jikeiretsu_13,,,799.4,,,四国
1973,香川,14009.0,jikeiretsu_13,,,939.8,,,四国
1973,愛媛,24042.0,jikeiretsu_13,,,1446.2,,,四国
1973,高知,17134.0,jikeiretsu_13,,,799.6,,,四国
1973,福岡,68318.0,jikeiretsu_13,,,4186.6,,,九州・沖縄
1973,佐賀,17891.0,jikeiretsu_13,,,838.0,,,九州・沖縄
1973,長崎,23660.0,jikeiretsu_13,,,1571.2,,,九州・沖縄
1973,熊本,18490.0,jikeiretsu_13,,,1709.0,,,九州・沖縄
1973,大分,15824.0,jikeiretsu_13,,,1176.4,,,九州・沖縄
1973,宮崎,3217.0,jikeiretsu_13,,,1071.4,,,九州・沖縄
1973,鹿児島,2122.0,jikeiretsu_13,,,1726.0,,,九州・沖縄
1973,沖縄,,jikeiretsu_13,,,1003.8,,,九州・沖縄
1974,北海道,72786.0,jikeiretsu_13,,,5307.2,,,北海道
1974,青森,26816.0,jikeiretsu_13,,,1460.8,,,東北
1974,岩手,28238.0,jikeiretsu_13,,,1383.0,,,東北
1974,宮城,38081.0,jikeiretsu_13,,,1927.8,,,東北
1974,秋田,34531.0,jikeiretsu_13,,,1233.8,,,東北
1974,山形,28422.0,jikeiretsu_13,,,1221.2,,,東北
1974,福島,41138.0,jikeiretsu_13,,,1966.0,,,東北
1974,茨城,41143.0,jikeiretsu_13,,,2302.4,,,関東
1974,栃木,30558.0,jikeiretsu_13,,,1674.4,,,関東
1974,群馬,28919.0,jikeiretsu_13,,,1736.6,,,関東
1974,埼玉,61703.0,jikeiretsu_13,,,4630.0,,,関東
1974,千葉,51952.0,jikeiretsu_13,,,3992.6,,,関東
1974,東京,159771.0,jikeiretsu_13,,,11620.8,,,関東
1974,神奈川,76271.0,jikeiretsu_13,,,6212.8,,,関東
1974,新潟,53998.0,jikeiretsu_13,,,2385.8,,,中部
1974,富山,19784.0,jikeiretsu_13,,,1062.8,,,中部
1974,石川,18424.0,jikeiretsu_13,,,1056.4,,,中部
1974,福井,12096.0,jikeiretsu_13,,,768.0,,,中部
1974,山梨,13206.0,jikeiretsu_13,,,778.8,,,中部
1974,長野,39555.0,jikeiretsu_13,,,2005.8,,,中部
1974,岐阜,25497.0,jikeiretsu_13,,,1846.2,,,中部
1974,静岡,51291.0,jikeiretsu_13,,,3265.2,,,中部
1974,愛知,66250.0,jikeiretsu_13,,,5816.4,,,中部
1974,三重,22358.0,jikeiretsu_13,,,1609.4,,,中部
1974,滋賀,15739.0,jikeiretsu_13,,,966.8,,,近畿
1974,京都,32622.0,jikeiretsu_13,,,2390.0,,,近畿
1974,大阪,110701.0,jikeiretsu_13,,,8147.2,,,近畿
1974,兵庫,66293.0,jikeiretsu_13,,,4927.2,,,近畿
1974,奈良,12720.0,jikeiretsu_13,,,1047.6,,,近畿
1974,和歌山,17615.0,jikeiretsu_13,,,1066.2,,,近畿
1974,鳥取,12736.0,jikeiretsu_13,,,578.6,,,中国
1974,島根,19269.0,jikeiretsu_13,,,770.0,,,中国
1974,岡山,30391.0,jikeiretsu_13,,,1792.6,,,中国
1974,広島,45739.0,jikeiretsu_13,,,2604.0,,,中国
1974,山口,30339.0,jikeiretsu_13,,,1546.2,,,中国
1974,徳島,12123.0,jikeiretsu_13,,,802.2,,,四国
1974,香川,13685.0,jikeiretsu_13,,,950.4,,,四国
1974,愛媛,23693.0,jikeiretsu_13,,,1455.6,,,四国
1974,高知,16901.0,jikeiretsu_13,,,803.8,,,四国
1974,福岡,68699.0,jikeiretsu_13,,,4239.8,,,九州・沖縄
1974,佐賀,17131.0,jikeiretsu_13,,,838.0,,,九州・沖縄
1974,長崎,23716.0,jikeiretsu_13,,,1571.6,,,九州・沖縄
1974,熊本,17953.0,jikeiretsu_13,,,1712.0,,,九州・沖縄
1974,大分,15721.0,jikeiretsu_13,,,1183.2,,,九州・沖縄
1974,宮崎,3221.0,jikeiretsu_13,,,1078.2,,,九州・沖縄
1974,鹿児島,2109.0,jikeiretsu_13,,,1725.0,,,九州・沖縄
1974,沖縄,,jikeiretsu_13,,,1023.4,,,九州・沖縄
1975,北海道,70327.0,jikeiretsu_13,,,5338.0,,,北海道
1975,青森,27896.0,jikeiretsu_13,,,1469.0,,,東北
1975,岩手,28682.0,jikeiretsu_13,,,1386.0,,,東北
1975,宮城,38558.0,jikeiretsu_13,,,1955.0,,,東北
1975,秋田,35965.0,jikeiretsu_13,,,1232.0,,,東北
1975,山形,29451.0,jikeiretsu_13,,,1220.0,,,東北
1975,福島,45228.0,jikeiretsu_13,,,1971.0,,,東北
1975,茨城,41535.0,jikeiretsu_13,,,2342.0,,,関東
1975,栃木,30917.0,jikeiretsu_13,,,1698.0,,,関東
1975,群馬,27914.0,jikeiretsu_13,,,1756.0,,,関東
1975,埼玉,63172.0,jikeiretsu_13,,,4821.0,,,関東
1975,千葉,53020.0,jikeiretsu_13,,,4149.0,,,関東
1975,東京,161412.0,jikeiretsu_13,,,11674.0,,,関東
1975,神奈川,75822.0,jikeiretsu_13,,,6398.0,,,関東
1975,新潟,56349.0,jikeiretsu_13,,,2392.0,,,中部
1975,富山,20186.0,jikeiretsu_13,,,1071.0,,,中部
1975,石川,18981.0,jikeiretsu_13,,,1070.0,,,中部
1975,福井,12339.0,jikeiretsu_13,,,774.0,,,中部
1975,山梨,12736.0,jikeiretsu_13,,,783.0,,,中部
1975,長野,41206.0,jikeiretsu_13,,,2018.0,,,中部
1975,岐阜,26066.0,jikeiretsu_13,,,1868.0,,,中部
1975,静岡,51556.0,jikeiretsu_13,,,3309.0,,,中部
1975,愛知,67634.0,jikeiretsu_13,,,5924.0,,,中部
1975,三重,22437.0,jikeiretsu_13,,,1626.0,,,中部
1975,滋賀,16005.0,jikeiretsu_13,,,986.0,,,近畿
1975,京都,32296.0,jikeiretsu_13,,,2425.0,,,近畿
1975,大阪,111993.0,jikeiretsu_13,,,8279.0,,,近畿
1975,兵庫,67451.0,jikeiretsu_13,,,4992.0,,,近畿
1975,奈良,13341.0,jikeiretsu_13,,,1077.0,,,近畿
1975,和歌山,17765.0,jikeiretsu_13,,,1072.0,,,近畿
1975,鳥取,13213.0,jikeiretsu_13,,,581.0,,,中国
1975,島根,19074.0,jikeiretsu_13,,,769.0,,,中国
1975,岡山,30161.0,jikeiretsu_13,,,1814.0,,,中国
1975,広島,46135.0,jikeiretsu_13,,,2646.0,,,中国
1975,山口,30746.0,jikeiretsu_13,,,1555.0,,,中国
1975,徳島,13380.0,jikeiretsu_13,,,805.0,,,四国
1975,香川,14587.0,jikeiretsu_13,,,961.0,,,四国
1975,愛媛,24074.0,jikeiretsu_13,,,1465.0,,,四国
1975,高知,17366.0,jikeiretsu_13,,,808.0,,,四国
1975,福岡,67812.0,jikeiretsu_13,,,4293.0,,,九州・沖縄
1975,佐賀,17136.0,jikeiretsu_13,,,838.0,,,九州・沖縄
1975,長崎,23225.0,jikeiretsu_13,,,1572.0,,,九州・沖縄
1975,熊本,18217.0,jikeiretsu_13,,,1715.0,,,九州・沖縄
1975,大分,16083.0,jikeiretsu_13,,,1190.0,,,九州・沖縄
1975,宮崎,3221.0,jikeiretsu_13,,,1085.0,,,九州・沖縄
1975,鹿児島,2095.0,jikeiretsu_13,,,1724.0,,,九州・沖縄
1975,沖縄,,jikeiretsu_13,,,1043.0,,,九州・沖縄
1976,北海道,62592.0,jikeiretsu_13,,,5385.6,,,北海道
1976,青森,26192.0,jikeiretsu_13,,,1480.0,,,東北
1976,岩手,26732.0,jikeiretsu_13,,,1393.2,,,東北
1976,宮城,36066.0,jikeiretsu_13,,,1980.4,,,東北
1976,秋田,34359.0,jikeiretsu_13,,,1237.0,,,東北
1976,山形,28499.0,jikeiretsu_13,,,1226.4,,,東北
1976,福島,42657.0,jikeiretsu_13,,,1983.8,,,東北
1976,茨城,40017.0,jikeiretsu_13,,,2385.2,,,関東
1976,栃木,29713.0,jikeiretsu_13,,,1716.8,,,関東
1976,群馬,27887.0,jikeiretsu_13,,,1774.6,,,関東
1976,埼玉,60396.0,jikeiretsu_13,,,4940.8,,,関東
1976,千葉,54100.0,jikeiretsu_13,,,4266.2,,,関東
1976,東京,159136.0,jikeiretsu_13,,,11662.8,,,関東
1976,神奈川,73924.0,jikeiretsu_13,,,6503.2,,,関東
1976,新潟,54958.0,jikeiretsu_13,,,2403.8,,,中部
1976,富山,19668.0,jikeiretsu_13,,,1077.4,,,中部
1976,石川,18808.0,jikeiretsu_13,,,1079.8,,,中部
1976,福井,11926.0,jikeiretsu_13,,,778.0,,,中部
1976,山梨,11994.0,jikeiretsu_13,,,787.2,,,中部
1976,長野,40136.0,jikeiretsu_13,,,2031.2,,,中部
1976,岐阜,25936.0,jikeiretsu_13,,,1886.4,,,中部
1976,静岡,50413.0,jikeiretsu_13,,,3336.6,,,中部
1976,愛知,67331.0,jikeiretsu_13,,,5983.6,,,中部
1976,三重,21867.0,jikeiretsu_13,,,1638.2,,,中部
1976,滋賀,16264.0,jikeiretsu_13,,,1004.8,,,近畿
1976,京都,30697.0,jikeiretsu_13,,,2445.4,,,近畿
1976,大阪,112204.0,jikeiretsu_13,,,8317.8,,,近畿
1976,兵庫,65592.0,jikeiretsu_13,,,5022.6,,,近畿
1976,奈良,13644.0,jikeiretsu_13,,,1103.4,,,近畿
1976,和歌山,16868.0,jikeiretsu_13,,,1075.0,,,近畿
1976,鳥取,12497.0,jikeiretsu_13,,,585.6,,,中国
1976,島根,18698.0,jikeiretsu_13,,,772.2,,,中国
1976,岡山,29200.0,jikeiretsu_13,,,1825.4,,,中国
1976,広島,44667.0,jikeiretsu_13,,,2664.6,,,中国
1976,山口,29477.0,jikeiretsu_13,,,1561.4,,,中国
1976,徳島,12027.0,jikeiretsu_13,,,809.0,,,四国
1976,香川,13871.0,jikeiretsu_13,,,968.8,,,四国
1976,愛媛,22914.0,jikeiretsu_13,,,1473.4,,,四国
1976,高知,16908.0,jikeiretsu_13,,,812.6,,,四国
1976,福岡,64506.0,jikeiretsu_13,,,4345.0,,,九州・沖縄
1976,佐賀,16234.0,jikeiretsu_13,,,843.6,,,九州・沖縄
1976,長崎,21883.0,jikeiretsu_13,,,1575.8,,,九州・沖縄
1976,熊本,16811.0,jikeiretsu_13,,,1730.0,,,九州・沖縄
1976,大分,14707.0,jikeiretsu_13,,,1197.8,,,九州・沖縄
1976,宮崎,2978.0,jikeiretsu_13,,,1098.4,,,九州・沖縄
1976,鹿児島,1951.0,jikeiretsu_13,,,1736.2,,,九州・沖縄
1976,沖縄,,jikeiretsu_13,,,1055.8,,,九州・沖縄
1977,北海道,59867.0,jikeiretsu_13,,,5433.2,,,北海道
1977,青森,26232.0,jikeiretsu_13,,,1491.0,,,東北
1977,岩手,27351.0,jikeiretsu_13,,,1400.4,,,東北
1977,宮城,36099.0,jikeiretsu_13,,,2005.8,,,東北
1977,秋田,36381.0,jikeiretsu_13,,,1242.0,,,東北
1977,山形,29387.0,jikeiretsu_13,,,1232.8,,,東北
1977,福島,44793.0,jikeiretsu_13,,,1996.6,,,東北
1977,茨城,39647.0,jikeiretsu_13,,,2428.4,,,関東
1977,栃木,29555.0,jikeiretsu_13,,,1735.6,,,関東
1977,群馬,27135.0,jikeiretsu_13,,,1793.2,,,関東
1977,埼玉,59233.0,jikeiretsu_13,,,5060.6,,,関東
1977,千葉,50713.0,jikeiretsu_13,,,4383.4,,,関東
1977,東京,154964.0,jikeiretsu_13,,,11651.6,,,関東
1977,神奈川,71305.0,jikeiretsu_13,,,6608.4,,,関東
1977,新潟,55611.0,jikeiretsu_13,,,2415.6,,,中部
1977,富山,20310.0,jikeiretsu_13,,,1083.8,,,中部
1977,石川,19232.0,jikeiretsu_13,,,1089.6,,,中部
1977,福井,12172.0,jikeiretsu_13,,,782.0,,,中部
1977,山梨,12743.0,jikeiretsu_13,,,791.4,,,中部
1977,長野,39082.0,jikeiretsu_13,,,2044.4,,,中部
1977,岐阜,25446.0,jikeiretsu_13,,,1904.8,,,中部
1977,静岡,48148.0,jikeiretsu_13,,,3364.2,,,中部
1977,愛知,66328.0,jikeiretsu_13,,,6043.2,,,中部
1977,三重,21509.0,jikeiretsu_13,,,1650.4,,,中部
1977,滋賀,16239.0,jikeiretsu_13,,,1023.6,,,近畿
1977,京都,31234.0,jikeiretsu_13,,,2465.8,,,近畿
1977,大阪,108056.0,jikeiretsu_13,,,8356.6,,,近畿
1977,兵庫,64618.0,jikeiretsu_13,,,5053.2,,,近畿
1977,奈良,13533.0,jikeiretsu_13,,,1129.8,,,近畿
1977,和歌山,17248.0,jikeiretsu_13,,,1078.0,,,近畿
1977,鳥取,13051.0,jikeiretsu_13,,,590.2,,,中国
1977,島根,18908.0,jikeiretsu_13,,,775.4,,,中国
1977,岡山,29102.0,jikeiretsu_13,,,1836.8,,,中国
1977,広島,43997.0,jikeiretsu_13,,,2683.2,,,中国
1977,山口,28367.0,jikeiretsu_13,,,1567.8,,,中国
1977,徳島,12542.0,jikeiretsu_13,,,813.0,,,四国
1977,香川,14173.0,jikeiretsu_13,,,976.6,,,四国
1977,愛媛,23236.0,jikeiretsu_13,,,1481.8,,,四国
1977,高知,16563.0,jikeiretsu_13,,,817.2,,,四国
1977,福岡,58898.0,jikeiretsu_13,,,4397.0,,,九州・沖縄
1977,佐賀,15482.0,jikeiretsu_13,,,849.2,,,九州・沖縄
1977,長崎,20276.0,jikeiretsu_13,,,1579.6,,,九州・沖縄
1977,熊本,15439.0,jikeiretsu_13,,,1745.0,,,九州・沖縄
1977,大分,13733.0,jikeiretsu_13,,,1205.6,,,九州・沖縄
1977,宮崎,2748.0,jikeiretsu_13,,,1111.8,,,九州・沖縄
1977,鹿児島,1815.0,jikeiretsu_13,,,1748.4,,,九州・沖縄
1977,沖縄,,jikeiretsu_13,,,1068.6,,,九州・沖縄
1978,北海道,54361.0,jikeiretsu_13,,,5480.8,,,北海道
1978,青森,24241.0,jikeiretsu_13,,,1502.0,,,東北
1978,岩手,26680.0,jikeiretsu_13,,,1407.6,,,東北
1978,宮城,34415.0,jikeiretsu_13,,,2031.2,,,東北
1978,秋田,34466.0,jikeiretsu_13,,,1247.0,,,東北
1978,山形,28470.0,jikeiretsu_13,,,1239.2,,,東北
1978,福島,44934.0,jikeiretsu_13,,,2009.4,,,東北
1978,茨城,38806.0,jikeiretsu_13,,,2471.6,,,関東
1978,栃木,28963.0,jikeiretsu_13,,,1754.4,,,関東
1978,群馬,25563.0,jikeiretsu_13,,,1811.8,,,関東
1978,埼玉,57933.0,jikeiretsu_13,,,5180.4,,,関東
1978,千葉,48896.0,jikeiretsu_13,,,4500.6,,,関東
1978,東京,148163.0,jikeiretsu_13,,,11640.4,,,関東
1978,神奈川,69271.0,jikeiretsu_13,,,6713.6,,,関東
1978,新潟,54023.0,jikeiretsu_13,,,2427.4,,,中部
1978,富山,20147.0,jikeiretsu_13,,,1090.2,,,中部
1978,石川,18849.0,jikeiretsu_13,,,1099.4,,,中部
1978,福井,11614.0,jikeiretsu_13,,,786.0,,,中部
1978,山梨,12291.0,jikeiretsu_13,,,795.6,,,中部
1978,長野,37976.0,jikeiretsu_13,,,2057.6,,,中部
1978,岐阜,25256.0,jikeiretsu_13,,,1923.2,,,中部
1978,静岡,47548.0,jikeiretsu_13,,,3391.8,,,中部
1978,愛知,64396.0,jikeiretsu_13,,,6102.8,,,中部
1978,三重,21199.0,jikeiretsu_13,,,1662.6,,,中部
1978,滋賀,15524.0,jikeiretsu_13,,,1042.4,,,近畿
1978,京都,30913.0,jikeiretsu_13,,,2486.2,,,近畿
1978,大阪,104708.0,jikeiretsu_13,,,8395.4,,,近畿
1978,兵庫,62774.0,jikeiretsu_13,,,5083.8,,,近畿
1978,奈良,13266.0,jikeiretsu_13,,,1156.2,,,近畿
1978,和歌山,15981.0,jikeiretsu_13,,,1081.0,,,近畿
1978,鳥取,12133.0,jikeiretsu_13,,,594.8,,,中国
1978,島根,18381.0,jikeiretsu_13,,,778.6,,,中国
1978,岡山,27971.0,jikeiretsu_13,,,1848.2,,,中国
1978,広島,42433.0,jikeiretsu_13,,,2701.8,,,中国
1978,山口,26405.0,jikeiretsu_13,,,1574.2,,,中国
1978,徳島,11663.0,jikeiretsu_13,,,817.0,,,四国
1978,香川,13641.0,jikeiretsu_13,,,984.4,,,四国
1978,愛媛,22271.0,jikeiretsu_13,,,1490.2,,,四国
1978,高知,16431.0,jikeiretsu_13,,,821.8,,,四国
1978,福岡,55609.0,jikeiretsu_13,,,4449.0,,,九州・沖縄
1978,佐賀,14747.0,jikeiretsu_13,,,854.8,,,九州・沖縄
1978,長崎,18926.0,jikeiretsu_13,,,1583.4,,,九州・沖縄
1978,熊本,14366.0,jikeiretsu_13,,,1760.0,,,九州・沖縄
1978,大分,13046.0,jikeiretsu_13,,,1213.4,,,九州・沖縄
1978,宮崎,2659.0,jikeiretsu_13,,,1125.2,,,九州・沖縄
1978,鹿児島,1787.0,jikeiretsu_13,,,1760.6,,,九州・沖縄
1978,沖縄,,jikeiretsu_13,,,1081.4,,,九州・沖縄
1979,北海道,54329.0,jikeiretsu_13,,,5528.4,,,北海道
1979,青森,24234.0,jikeiretsu_13,,,1513.0,,,東北
1979,岩手,26523.0,jikeiretsu_13,,,1414.8,,,東北
1979,宮城,35155.0,jikeiretsu_13,,,2056.6,,,東北
1979,秋田,35677.0,jikeiretsu_13,,,1252.0,,,東北
1979,山形,29252.0,jikeiretsu_13,,,1245.6,,,東北
1979,福島,44129.0,jikeiretsu_13,,,2022.2,,,東北
1979,茨城,40064.0,jikeiretsu_13,,,2514.8,,,関東
1979,栃木,29228.0,jikeiretsu_13,,,1773.2,,,関東
1979,群馬,26613.0,jikeiretsu_13,,,1830.4,,,関東
1979,埼玉,59328.0,jikeiretsu_13,,,5300.2,,,関東
1979,千葉,49976.0,jikeiretsu_13,,,4617.8,,,関東
1979,東京,149635.0,jikeiretsu_13,,,11629.2,,,関東
1979,神奈川,69423.0,jikeiretsu_13,,,6818.8,,,関東
1979,新潟,57274.0,jikeiretsu_13,,,2439.2,,,中部
1979,富山,20330.0,jikeiretsu_13,,,1096.6,,,中部
1979,石川,20172.0,jikeiretsu_13,,,1109.2,,,中部
1979,福井,12324.0,jikeiretsu_13,,,790.0,,,中部
1979,山梨,12654.0,jikeiretsu_13,,,799.8,,,中部
1979,長野,40226.0,jikeiretsu_13,,,2070.8,,,中部
1979,岐阜,27097.0,jikeiretsu_13,,,1941.6,,,中部
1979,静岡,48955.0,jikeiretsu_13,,,3419.4,,,中部
1979,愛知,67474.0,jikeiretsu_13,,,6162.4,,,中部
1979,三重,22229.0,jikeiretsu_13,,,1674.8,,,中部
1979,滋賀,16763.0,jikeiretsu_13,,,1061.2,,,近畿
1979,京都,32100.0,jikeiretsu_13,,,2506.6,,,近畿
1979,大阪,109174.0,jikeiretsu_13,,,8434.2,,,近畿
1979,兵庫,65984.0,jikeiretsu_13,,,5114.4,,,近畿
1979,奈良,13580.0,jikeiretsu_13,,,1182.6,,,近畿
1979,和歌山,17375.0,jikeiretsu_13,,,1084.0,,,近畿
1979,鳥取,12865.0,jikeiretsu_13,,,599.4,,,中国
1979,島根,19334.0,jikeiretsu_13,,,781.8,,,中国
1979,岡山,29195.0,jikeiretsu_13,,,1859.6,,,中国
1979,広島,43903.0,jikeiretsu_13,,,2720.4,,,中国
1979,山口,27243.0,jikeiretsu_13,,,1580.6,,,中国
1979,徳島,12659.0,jikeiretsu_13,,,821.0,,,四国
1979,香川,14952.0,jikeiretsu_13,,,992.2,,,四国
1979,愛媛,23280.0,jikeiretsu_13,,,1498.6,,,四国
1979,高知,17165.0,jikeiretsu_13,,,826.4,,,四国
1979,福岡,56674.0,jikeiretsu_13,,,4501.0,,,九州・沖縄
1979,佐賀,15323.0,jikeiretsu_13,,,860.4,,,九州・沖縄
1979,長崎,19055.0,jikeiretsu_13,,,1587.2,,,九州・沖縄
1979,熊本,13957.0,jikeiretsu_13,,,1775.0,,,九州・沖縄
1979,大分,13249.0,jikeiretsu_13,,,1221.2,,,九州・沖縄
1979,宮崎,2786.0,jikeiretsu_13,,,1138.6,,,九州・沖縄
1979,鹿児島,1803.0,jikeiretsu_13,,,1772.8,,,九州・沖縄
1979,沖縄,,jikeiretsu_13,,,1094.2,,,九州・沖縄
1980,北海道,50099.0,jikeiretsu_13,,,5576.0,,,北海道
1980,青森,22412.0,jikeiretsu_13,,,1524.0,,,東北
1980,岩手,24999.0,jikeiretsu_13,,,1422.0,,,東北
1980,宮城,32875.0,jikeiretsu_13,,,2082.0,,,東北
1980,秋田,33331.0,jikeiretsu_13,,,1257.0,,,東北
1980,山形,26809.0,jikeiretsu_13,,,1252.0,,,東北
1980,福島,42139.0,jikeiretsu_13,,,2035.0,,,東北
1980,茨城,38137.0,jikeiretsu_13,,,2558.0,,,関東
1980,栃木,27575.0,jikeiretsu_13,,,1792.0,,,関東
1980,群馬,24447.0,jikeiretsu_13,,,1849.0,,,関東
1980,埼玉,57180.0,jikeiretsu_13,,,5420.0,,,関東
1980,千葉,48951.0,jikeiretsu_13,,,4735.0,,,関東
1980,東京,143876.0,jikeiretsu_13,,,11618.0,,,関東
1980,神奈川,67982.0,jikeiretsu_13,,,6924.0,,,関東
1980,新潟,53205.0,jikeiretsu_13,,,2451.0,,,中部
1980,富山,19679.0,jikeiretsu_13,,,1103.0,,,中部
1980,石川,19007.0,jikeiretsu_13,,,1119.0,,,中部
1980,福井,11665.0,jikeiretsu_13,,,794.0,,,中部
1980,山梨,11788.0,jikeiretsu_13,,,804.0,,,中部
1980,長野,36382.0,jikeiretsu_13,,,2084.0,,,中部
1980,岐阜,25536.0,jikeiretsu_13,,,1960.0,,,中部
1980,静岡,47228.0,jikeiretsu_13,,,3447.0,,,中部
1980,愛知,64816.0,jikeiretsu_13,,,6222.0,,,中部
1980,三重,21581.0,jikeiretsu_13,,,1687.0,,,中部
1980,滋賀,15926.0,jikeiretsu_13,,,1080.0,,,近畿
1980,京都,31420.0,jikeiretsu_13,,,2527.0,,,近畿
1980,大阪,105313.0,jikeiretsu_13,,,8473.0,,,近畿
1980,兵庫,64195.0,jikeiretsu_13,,,5145.0,,,近畿
1980,奈良,13498.0,jikeiretsu_13,,,1209.0,,,近畿
1980,和歌山,17961.0,jikeiretsu_13,,,1087.0,,,近畿
1980,鳥取,11829.0,jikeiretsu_13,,,604.0,,,中国
1980,島根,17749.0,jikeiretsu_13,,,785.0,,,中国
1980,岡山,27922.0,jikeiretsu_13,,,1871.0,,,中国
1980,広島,43155.0,jikeiretsu_13,,,2739.0,,,中国
1980,山口,25784.0,jikeiretsu_13,,,1587.0,,,中国
1980,徳島,12024.0,jikeiretsu_13,,,825.0,,,四国
1980,香川,13918.0,jikeiretsu_13,,,1000.0,,,四国
1980,愛媛,21813.0,jikeiretsu_13,,,1507.0,,,四国
1980,高知,16069.0,jikeiretsu_13,,,831.0,,,四国
1980,福岡,52848.0,jikeiretsu_13,,,4553.0,,,九州・沖縄
1980,佐賀,14108.0,jikeiretsu_13,,,866.0,,,九州・沖縄
1980,長崎,17625.0,jikeiretsu_13,,,1591.0,,,九州・沖縄
1980,熊本,12828.0,jikeiretsu_13,,,1790.0,,,九州・沖縄
1980,大分,12084.0,jikeiretsu_13,,,1229.0,,,九州・沖縄
1980,宮崎,2598.0,jikeiretsu_13,,,1152.0,,,九州・沖縄
1980,鹿児島,1669.0,jikeiretsu_13,,,1785.0,,,九州・沖縄
1980,沖縄,,jikeiretsu_13,,,1107.0,,,九州・沖縄
1981,北海道,49741.0,jikeiretsu_13,,,5596.6,,,北海道
1981,青森,22061.0,jikeiretsu_13,,,1524.0,,,東北
1981,岩手,24002.0,jikeiretsu_13,,,1424.4,,,東北
1981,宮城,32072.0,jikeiretsu_13,,,2100.8,,,東北
1981,秋田,33971.0,jikeiretsu_13,,,1256.4,,,東北
1981,山形,27301.0,jikeiretsu_13,,,1254.0,,,東北
1981,福島,43723.0,jikeiretsu_13,,,2044.0,,,東北
1981,茨城,36530.0,jikeiretsu_13,,,2591.4,,,関東
1981,栃木,27838.0,jikeiretsu_13,,,1806.8,,,関東
1981,群馬,24108.0,jikeiretsu_13,,,1863.4,,,関東
1981,埼玉,58124.0,jikeiretsu_13,,,5508.8,,,関東
1981,千葉,51200.0,jikeiretsu_13,,,4817.6,,,関東
1981,東京,153054.0,jikeiretsu_13,,,11660.2,,,関東
1981,神奈川,70704.0,jikeiretsu_13,,,7025.6,,,関東
1981,新潟,54734.0,jikeiretsu_13,,,2456.4,,,中部
1981,富山,20002.0,jikeiretsu_13,,,1106.0,,,中部
1981,石川,19639.0,jikeiretsu_13,,,1125.6,,,中部
1981,福井,12326.0,jikeiretsu_13,,,798.8,,,中部
1981,山梨,12538.0,jikeiretsu_13,,,809.8,,,中部
1981,長野,37206.0,jikeiretsu_13,,,2094.6,,,中部
1981,岐阜,26469.0,jikeiretsu_13,,,1973.8,,,中部
1981,静岡,47113.0,jikeiretsu_13,,,3472.6,,,中部
1981,愛知,67200.0,jikeiretsu_13,,,6268.6,,,中部
1981,三重,22152.0,jikeiretsu_13,,,1699.0,,,中部
1981,滋賀,16693.0,jikeiretsu_13,,,1095.2,,,近畿
1981,京都,31868.0,jikeiretsu_13,,,2539.0,,,近畿
1981,大阪,105968.0,jikeiretsu_13,,,8512.0,,,近畿
1981,兵庫,65403.0,jikeiretsu_13,,,5171.6,,,近畿
1981,奈良,13667.0,jikeiretsu_13,,,1228.2,,,近畿
1981,和歌山,16647.0,jikeiretsu_13,,,1087.0,,,近畿
1981,鳥取,11891.0,jikeiretsu_13,,,606.4,,,中国
1981,島根,17822.0,jikeiretsu_13,,,787.0,,,中国
1981,岡山,28110.0,jikeiretsu_13,,,1880.2,,,中国
1981,広島,42824.0,jikeiretsu_13,,,2755.0,,,中国
1981,山口,25209.0,jikeiretsu_13,,,1590.0,,,中国
1981,徳島,12007.0,jikeiretsu_13,,,827.0,,,四国
1981,香川,14193.0,jikeiretsu_13,,,1004.6,,,四国
1981,愛媛,21982.0,jikeiretsu_13,,,1511.6,,,四国
1981,高知,16028.0,jikeiretsu_13,,,832.8,,,四国
1981,福岡,51232.0,jikeiretsu_13,,,4586.2,,,九州・沖縄
1981,佐賀,13990.0,jikeiretsu_13,,,868.8,,,九州・沖縄
1981,長崎,17170.0,jikeiretsu_13,,,1591.6,,,九州・沖縄
1981,熊本,12123.0,jikeiretsu_13,,,1799.6,,,九州・沖縄
1981,大分,11634.0,jikeiretsu_13,,,1233.2,,,九州・沖縄
1981,宮崎,2513.0,jikeiretsu_13,,,1156.8,,,九州・沖縄
1981,鹿児島,1592.0,jikeiretsu_13,,,1791.8,,,九州・沖縄
1981,沖縄,,jikeiretsu_13,,,1121.4,,,九州・沖縄
1982,北海道,48217.0,jikeiretsu_13,,,5617.2,,,北海道
1982,青森,21973.0,jikeiretsu_13,,,1524.0,,,東北
1982,岩手,23290.0,jikeiretsu_13,,,1426.8,,,東北
1982,宮城,31777.0,jikeiretsu_13,,,2119.6,,,東北
1982,秋田,33594.0,jikeiretsu_13,,,1255.8,,,東北
1982,山形,26665.0,jikeiretsu_13,,,1256.0,,,東北
1982,福島,45634.0,jikeiretsu_13,,,2053.0,,,東北
1982,茨城,37666.0,jikeiretsu_13,,,2624.8,,,関東
1982,栃木,27018.0,jikeiretsu_13,,,1821.6,,,関東
1982,群馬,23947.0,jikeiretsu_13,,,1877.8,,,関東
1982,埼玉,57199.0,jikeiretsu_13,,,5597.6,,,関東
1982,千葉,48418.0,jikeiretsu_13,,,4900.2,,,関東
1982,東京,139813.0,jikeiretsu_13,,,11702.4,,,関東
1982,神奈川,67373.0,jikeiretsu_13,,,7127.2,,,関東
1982,新潟,54923.0,jikeiretsu_13,,,2461.8,,,中部
1982,富山,20100.0,jikeiretsu_13,,,1109.0,,,中部
1982,石川,19427.0,jikeiretsu_13,,,1132.2,,,中部
1982,福井,11822.0,jikeiretsu_13,,,803.6,,,中部
1982,山梨,11636.0,jikeiretsu_13,,,815.6,,,中部
1982,長野,36085.0,jikeiretsu_13,,,2105.2,,,中部
1982,岐阜,26514.0,jikeiretsu_13,,,1987.6,,,中部
1982,静岡,46290.0,jikeiretsu_13,,,3498.2,,,中部
1982,愛知,66389.0,jikeiretsu_13,,,6315.2,,,中部
1982,三重,22388.0,jikeiretsu_13,,,1711.0,,,中部
1982,滋賀,16816.0,jikeiretsu_13,,,1110.4,,,近畿
1982,京都,31449.0,jikeiretsu_13,,,2551.0,,,近畿
1982,大阪,104842.0,jikeiretsu_13,,,8551.0,,,近畿
1982,兵庫,64976.0,jikeiretsu_13,,,5198.2,,,近畿
1982,奈良,13453.0,jikeiretsu_13,,,1247.4,,,近畿
1982,和歌山,16596.0,jikeiretsu_13,,,1087.0,,,近畿
1982,鳥取,11786.0,jikeiretsu_13,,,608.8,,,中国
1982,島根,17536.0,jikeiretsu_13,,,789.0,,,中国
1982,岡山,28429.0,jikeiretsu_13,,,1889.4,,,中国
1982,広島,41610.0,jikeiretsu_13,,,2771.0,,,中国
1982,山口,24100.0,jikeiretsu_13,,,1593.0,,,中国
1982,徳島,11867.0,jikeiretsu_13,,,829.0,,,四国
1982,香川,14259.0,jikeiretsu_13,,,1009.2,,,四国
1982,愛媛,22142.0,jikeiretsu_13,,,1516.2,,,四国
1982,高知,16072.0,jikeiretsu_13,,,834.6,,,四国
1982,福岡,49669.0,jikeiretsu_13,,,4619.4,,,九州・沖縄
1982,佐賀,13624.0,jikeiretsu_13,,,871.6,,,九州・沖縄
1982,長崎,16441.0,jikeiretsu_13,,,1592.2,,,九州・沖縄
1982,熊本,11829.0,jikeiretsu_13,,,1809.2,,,九州・沖縄
1982,大分,11573.0,jikeiretsu_13,,,1237.4,,,九州・沖縄
1982,宮崎,2466.0,jikeiretsu_13,,,1161.6,,,九州・沖縄
1982,鹿児島,1552.0,jikeiretsu_13,,,1798.6,,,九州・沖縄
1982,沖縄,,jikeiretsu_13,,,1135.8,,,九州・沖縄
1983,北海道,45277.0,jikeiretsu_13,,,5637.8,,,北海道
1983,青森,21202.0,jikeiretsu_13,,,1524.0,,,東北
1983,岩手,22264.0,jikeiretsu_13,,,1429.2,,,東北
1983,宮城,30487.0,jikeiretsu_13,,,2138.4,,,東北
1983,秋田,32799.0,jikeiretsu_13,,,1255.2,,,東北
1983,山形,25289.0,jikeiretsu_13,,,1258.0,,,東北
1983,福島,37996.0,jikeiretsu_13,,,2062.0,,,東北
1983,茨城,38356.0,jikeiretsu_13,,,2658.2,,,関東
1983,栃木,26505.0,jikeiretsu_13,,,1836.4,,,関東
1983,群馬,22461.0,jikeiretsu_13,,,1892.2,,,関東
1983,埼玉,57765.0,jikeiretsu_13,,,5686.4,,,関東
1983,千葉,48017.0,jikeiretsu_13,,,4982.8,,,関東
1983,東京,136586.0,jikeiretsu_13,,,11744.6,,,関東
1983,神奈川,66706.0,jikeiretsu_13,,,7228.8,,,関東
1983,新潟,53662.0,jikeiretsu_13,,,2467.2,,,中部
1983,富山,19835.0,jikeiretsu_13,,,1112.0,,,中部
1983,石川,19111.0,jikeiretsu_13,,,1138.8,,,中部
1983,福井,11938.0,jikeiretsu_13,,,808.4,,,中部
1983,山梨,11094.0,jikeiretsu_13,,,821.4,,,中部
1983,長野,34415.0,jikeiretsu_13,,,2115.8,,,中部
1983,岐阜,26202.0,jikeiretsu_13,,,2001.4,,,中部
1983,静岡,45031.0,jikeiretsu_13,,,3523.8,,,中部
1983,愛知,65911.0,jikeiretsu_13,,,6361.8,,,中部
1983,三重,21983.0,jikeiretsu_13,,,1723.0,,,中部
1983,滋賀,16929.0,jikeiretsu_13,,,1125.6,,,近畿
1983,京都,31403.0,jikeiretsu_13,,,2563.0,,,近畿
1983,大阪,102478.0,jikeiretsu_13,,,8590.0,,,近畿
1983,兵庫,63287.0,jikeiretsu_13,,,5224.8,,,近畿
1983,奈良,14252.0,jikeiretsu_13,,,1266.6,,,近畿
1983,和歌山,16523.0,jikeiretsu_13,,,1087.0,,,近畿
1983,鳥取,11448.0,jikeiretsu_13,,,611.2,,,中国
1983,島根,16575.0,jikeiretsu_13,,,791.0,,,中国
1983,岡山,27255.0,jikeiretsu_13,,,1898.6,,,中国
1983,広島,39127.0,jikeiretsu_13,,,2787.0,,,中国
1983,山口,22451.0,jikeiretsu_13,,,1596.0,,,中国
1983,徳島,11532.0,jikeiretsu_13,,,831.0,,,四国
1983,香川,13958.0,jikeiretsu_13,,,1013.8,,,四国
1983,愛媛,21636.0,jikeiretsu_13,,,1520.8,,,四国
1983,高知,15330.0,jikeiretsu_13,,,836.4,,,四国
1983,福岡,46062.0,jikeiretsu_13,,,4652.6,,,九州・沖縄
1983,佐賀,12904.0,jikeiretsu_13,,,874.4,,,九州・沖縄
1983,長崎,15521.0,jikeiretsu_13,,,1592.8,,,九州・沖縄
1983,熊本,10886.0,jikeiretsu_13,,,1818.8,,,九州・沖縄
1983,大分,10904.0,jikeiretsu_13,,,1241.6,,,九州・沖縄
1983,宮崎,2332.0,jikeiretsu_13,,,1166.4,,,九州・沖縄
1983,鹿児島,1473.0,jikeiretsu_13,,,1805.4,,,九州・沖縄
1983,沖縄,,jikeiretsu_13,,,1150.2,,,九州・沖縄
1984,北海道,38164.0,jikeiretsu_13,,,5658.4,,,北海道
1984,青森,18855.0,jikeiretsu_13,,,1524.0,,,東北
1984,岩手,19692.0,jikeiretsu_13,,,1431.6,,,東北
1984,宮城,27359.0,jikeiretsu_13,,,2157.2,,,東北
1984,秋田,29631.0,jikeiretsu_13,,,1254.6,,,東北
1984,山形,23309.0,jikeiretsu_13,,,1260.0,,,東北
1984,福島,34297.0,jikeiretsu_13,,,2071.0,,,東北
1984,茨城,32665.0,jikeiretsu_13,,,2691.6,,,関東
1984,栃木,24297.0,jikeiretsu_13,,,1851.2,,,関東
1984,群馬,20982.0,jikeiretsu_13,,,1906.6,,,関東
1984,埼玉,55608.0,jikeiretsu_13,,,5775.2,,,関東
1984,千葉,45292.0,jikeiretsu_13,,,5065.4,,,関東
1984,東京,126844.0,jikeiretsu_13,,,11786.8,,,関東
1984,神奈川,60885.0,jikeiretsu_13,,,7330.4,,,関東
1984,新潟,51756.0,jikeiretsu_13,,,2472.6,,,中部
1984,富山,19178.0,jikeiretsu_13,,,1115.0,,,中部
1984,石川,18008.0,jikeiretsu_13,,,1145.4,,,中部
1984,福井,11145.0,jikeiretsu_13,,,813.2,,,中部
1984,山梨,9770.0,jikeiretsu_13,,,827.2,,,中部
1984,長野,31219.0,jikeiretsu_13,,,2126.4,,,中部
1984,岐阜,24670.0,jikeiretsu_13,,,2015.2,,,中部
1984,静岡,41073.0,jikeiretsu_13,,,3549.4,,,中部
1984,愛知,61743.0,jikeiretsu_13,,,6408.4,,,中部
1984,三重,20313.0,jikeiretsu_13,,,1735.0,,,中部
1984,滋賀,16330.0,jikeiretsu_13,,,1140.8,,,近畿
1984,京都,28772.0,jikeiretsu_13,,,2575.0,,,近畿
1984,大阪,93916.0,jikeiretsu_13,,,8629.0,,,近畿
1984,兵庫,59263.0,jikeiretsu_13,,,5251.4,,,近畿
1984,奈良,12717.0,jikeiretsu_13,,,1285.8,,,近畿
1984,和歌山,15424.0,jikeiretsu_13,,,1087.0,,,近畿
1984,鳥取,10292.0,jikeiretsu_13,,,613.6,,,中国
1984,島根,14991.0,jikeiretsu_13,,,793.0,,,中国
1984,岡山,25168.0,jikeiretsu_13,,,1907.8,,,中国
1984,広島,35525.0,jikeiretsu_13,,,2803.0,,,中国
1984,山口,19870.0,jikeiretsu_13,,,1599.0,,,中国
1984,徳島,10498.0,jikeiretsu_13,,,833.0,,,四国
1984,香川,12528.0,jikeiretsu_13,,,1018.4,,,四国
1984,愛媛,18801.0,jikeiretsu_13,,,1525.4,,,四国
1984,高知,14297.0,jikeiretsu_13,,,838.2,,,四国
1984,福岡,41346.0,jikeiretsu_13,,,4685.8,,,九州・沖縄
1984,佐賀,11616.0,jikeiretsu_13,,,877.2,,,九州・沖縄
1984,長崎,13847.0,jikeiretsu_13,,,1593.4,,,九州・沖縄
1984,熊本,9329.0,jikeiretsu_13,,,1828.4,,,九州・沖縄
1984,大分,9430.0,jikeiretsu_13,,,1245.8,,,九州・沖縄
1984,宮崎,2136.0,jikeiretsu_13,,,1171.2,,,九州・沖縄
1984,鹿児島,1330.0,jikeiretsu_13,,,1812.2,,,九州・沖縄
1984,沖縄,,jikeiretsu_13,,,1164.6,,,九州・沖縄
1985,北海道,38181.0,jikeiretsu_13,,,5679.0,,,北海道
1985,青森,18661.0,jikeiretsu_13,,,1524.0,,,東北
1985,岩手,18712.0,jikeiretsu_13,,,1434.0,,,東北
1985,宮城,26469.0,jikeiretsu_13,,,2176.0,,,東北
1985,秋田,28925.0,jikeiretsu_13,,,1254.0,,,東北
1985,山形,23007.0,jikeiretsu_13,,,1262.0,,,東北
1985,福島,34296.0,jikeiretsu_13,,,2080.0,,,東北
1985,茨城,34261.0,jikeiretsu_13,,,2725.0,,,関東
1985,栃木,23802.0,jikeiretsu_13,,,1866.0,,,関東
1985,群馬,20856.0,jikeiretsu_13,,,1921.0,,,関東
1985,埼玉,55789.0,jikeiretsu_13,,,5864.0,,,関東
1985,千葉,44716.0,jikeiretsu_13,,,5148.0,,,関東
1985,東京,132132.0,jikeiretsu_13,,,11829.0,,,関東
1985,神奈川,63293.0,jikeiretsu_13,,,7432.0,,,関東
1985,新潟,52933.0,jikeiretsu_13,,,2478.0,,,中部
1985,富山,19316.0,jikeiretsu_13,,,1118.0,,,中部
1985,石川,18492.0,jikeiretsu_13,,,1152.0,,,中部
1985,福井,11179.0,jikeiretsu_13,,,818.0,,,中部
1985,山梨,9447.0,jikeiretsu_13,,,833.0,,,中部
1985,長野,31786.0,jikeiretsu_13,,,2137.0,,,中部
1985,岐阜,24906.0,jikeiretsu_13,,,2029.0,,,中部
1985,静岡,41006.0,jikeiretsu_13,,,3575.0,,,中部
1985,愛知,62543.0,jikeiretsu_13,,,6455.0,,,中部
1985,三重,20894.0,jikeiretsu_13,,,1747.0,,,中部
1985,滋賀,16110.0,jikeiretsu_13,,,1156.0,,,近畿
1985,京都,29816.0,jikeiretsu_13,,,2587.0,,,近畿
1985,大阪,97297.0,jikeiretsu_13,,,8668.0,,,近畿
1985,兵庫,60287.0,jikeiretsu_13,,,5278.0,,,近畿
1985,奈良,13024.0,jikeiretsu_13,,,1305.0,,,近畿
1985,和歌山,15195.0,jikeiretsu_13,,,1087.0,,,近畿
1985,鳥取,10099.0,jikeiretsu_13,,,616.0,,,中国
1985,島根,14617.0,jikeiretsu_13,,,795.0,,,中国
1985,岡山,24695.0,jikeiretsu_13,,,1917.0,,,中国
1985,広島,34828.0,jikeiretsu_13,,,2819.0,,,中国
1985,山口,18964.0,jikeiretsu_13,,,1602.0,,,中国
1985,徳島,9985.0,jikeiretsu_13,,,835.0,,,四国
1985,香川,12738.0,jikeiretsu_13,,,1023.0,,,四国
1985,愛媛,18736.0,jikeiretsu_13,,,1530.0,,,四国
1985,高知,14117.0,jikeiretsu_13,,,840.0,,,四国
1985,福岡,41369.0,jikeiretsu_13,,,4719.0,,,九州・沖縄
1985,佐賀,11621.0,jikeiretsu_13,,,880.0,,,九州・沖縄
1985,長崎,13452.0,jikeiretsu_13,,,1594.0,,,九州・沖縄
1985,熊本,9437.0,jikeiretsu_13,,,1838.0,,,九州・沖縄
1985,大分,9373.0,jikeiretsu_13,,,1250.0,,,九州・沖縄
1985,宮崎,2139.0,jikeiretsu_13,,,1176.0,,,九州・沖縄
1985,鹿児島,1363.0,jikeiretsu_13,,,1819.0,,,九州・沖縄
1985,沖縄,,jikeiretsu_13,,,1179.0,,,九州・沖縄
1986,北海道,39892.0,jikeiretsu_13,,,5672.0,,,北海道
1986,青森,19046.0,jikeiretsu_13,,,1515.8,,,東北
1986,岩手,19274.0,jikeiretsu_13,,,1430.6,,,東北
1986,宮城,27692.0,jikeiretsu_13,,,2190.6,,,東北
1986,秋田,29523.0,jikeiretsu_13,,,1248.6,,,東北
1986,山形,23712.0,jikeiretsu_13,,,1261.2,,,東北
1986,福島,35766.0,jikeiretsu_13,,,2084.8,,,東北
1986,茨城,35150.0,jikeiretsu_13,,,2749.0,,,関東
1986,栃木,24530.0,jikeiretsu_13,,,1879.8,,,関東
1986,群馬,21030.0,jikeiretsu_13,,,1930.0,,,関東
1986,埼玉,58219.0,jikeiretsu_13,,,5972.2,,,関東
1986,千葉,46069.0,jikeiretsu_13,,,5229.4,,,関東
1986,東京,135508.0,jikeiretsu_13,,,11834.4,,,関東
1986,神奈川,65670.0,jikeiretsu_13,,,7541.6,,,関東
1986,新潟,55197.0,jikeiretsu_13,,,2477.4,,,中部
1986,富山,19936.0,jikeiretsu_13,,,1118.4,,,中部
1986,石川,19093.0,jikeiretsu_13,,,1154.6,,,中部
1986,福井,11679.0,jikeiretsu_13,,,819.2,,,中部
1986,山梨,9425.0,jikeiretsu_13,,,837.0,,,中部
1986,長野,33678.0,jikeiretsu_13,,,2141.0,,,中部
1986,岐阜,26005.0,jikeiretsu_13,,,2036.6,,,中部
1986,静岡,41569.0,jikeiretsu_13,,,3594.2,,,中部
1986,愛知,64168.0,jikeiretsu_13,,,6502.2,,,中部
1986,三重,21776.0,jikeiretsu_13,,,1756.2,,,中部
1986,滋賀,16664.0,jikeiretsu_13,,,1169.2,,,近畿
1986,京都,31420.0,jikeiretsu_13,,,2590.0,,,近畿
1986,大阪,100517.0,jikeiretsu_13,,,8681.4,,,近畿
1986,兵庫,62341.0,jikeiretsu_13,,,5303.4,,,近畿
1986,奈良,13726.0,jikeiretsu_13,,,1319.0,,,近畿
1986,和歌山,15657.0,jikeiretsu_13,,,1084.4,,,近畿
1986,鳥取,10519.0,jikeiretsu_13,,,616.0,,,中国
1986,島根,14964.0,jikeiretsu_13,,,792.2,,,中国
1986,岡山,25757.0,jikeiretsu_13,,,1918.8,,,中国
1986,広島,35951.0,jikeiretsu_13,,,2825.2,,,中国
1986,山口,19113.0,jikeiretsu_13,,,1596.2,,,中国
1986,徳島,10475.0,jikeiretsu_13,,,834.4,,,四国
1986,香川,13330.0,jikeiretsu_13,,,1023.0,,,四国
1986,愛媛,19735.0,jikeiretsu_13,,,1527.0,,,四国
1986,高知,14455.0,jikeiretsu_13,,,837.0,,,四国
1986,福岡,42829.0,jikeiretsu_13,,,4737.4,,,九州・沖縄
1986,佐賀,11867.0,jikeiretsu_13,,,879.6,,,九州・沖縄
1986,長崎,13727.0,jikeiretsu_13,,,1587.8,,,九州・沖縄
1986,熊本,9605.0,jikeiretsu_13,,,1838.4,,,九州・沖縄
1986,大分,9614.0,jikeiretsu_13,,,1247.4,,,九州・沖縄
1986,宮崎,2294.0,jikeiretsu_13,,,1174.6,,,九州・沖縄
1986,鹿児島,1414.0,jikeiretsu_13,,,1814.8,,,九州・沖縄
1986,沖縄,,jikeiretsu_13,,,1187.6,,,九州・沖縄
1987,北海道,41881.0,jikeiretsu_13,,,5665.0,,,北海道
1987,青森,18762.0,jikeiretsu_13,,,1507.6,,,東北
1987,岩手,19459.0,jikeiretsu_13,,,1427.2,,,東北
1987,宮城,28744.0,jikeiretsu_13,,,2205.2,,,東北
1987,秋田,29500.0,jikeiretsu_13,,,1243.2,,,東北
1987,山形,23365.0,jikeiretsu_13,,,1260.4,,,東北
1987,福島,36271.0,jikeiretsu_13,,,2089.6,,,東北
1987,茨城,36350.0,jikeiretsu_13,,,2773.0,,,関東
1987,栃木,26883.0,jikeiretsu_13,,,1893.6,,,関東
1987,群馬,21865.0,jikeiretsu_13,,,1939.0,,,関東
1987,埼玉,59435.0,jikeiretsu_13,,,6080.4,,,関東
1987,千葉,47720.0,jikeiretsu_13,,,5310.8,,,関東
1987,東京,135534.0,jikeiretsu_13,,,11839.8,,,関東
1987,神奈川,66160.0,jikeiretsu_13,,,7651.2,,,関東
1987,新潟,55436.0,jikeiretsu_13,,,2476.8,,,中部
1987,富山,19245.0,jikeiretsu_13,,,1118.8,,,中部
1987,石川,19295.0,jikeiretsu_13,,,1157.2,,,中部
1987,福井,11585.0,jikeiretsu_13,,,820.4,,,中部
1987,山梨,9783.0,jikeiretsu_13,,,841.0,,,中部
1987,長野,33809.0,jikeiretsu_13,,,2145.0,,,中部
1987,岐阜,25842.0,jikeiretsu_13,,,2044.2,,,中部
1987,静岡,41216.0,jikeiretsu_13,,,3613.4,,,中部
1987,愛知,64480.0,jikeiretsu_13,,,6549.4,,,中部
1987,三重,21697.0,jikeiretsu_13,,,1765.4,,,中部
1987,滋賀,16720.0,jikeiretsu_13,,,1182.4,,,近畿
1987,京都,30115.0,jikeiretsu_13,,,2593.0,,,近畿
1987,大阪,99703.0,jikeiretsu_13,,,8694.8,,,近畿
1987,兵庫,61859.0,jikeiretsu_13,,,5328.8,,,近畿
1987,奈良,14189.0,jikeiretsu_13,,,1333.0,,,近畿
1987,和歌山,15499.0,jikeiretsu_13,,,1081.8,,,近畿
1987,鳥取,10632.0,jikeiretsu_13,,,616.0,,,中国
1987,島根,15163.0,jikeiretsu_13,,,789.4,,,中国
1987,岡山,25335.0,jikeiretsu_13,,,1920.6,,,中国
1987,広島,36292.0,jikeiretsu_13,,,2831.4,,,中国
1987,山口,19276.0,jikeiretsu_13,,,1590.4,,,中国
1987,徳島,10296.0,jikeiretsu_13,,,833.8,,,四国
1987,香川,13396.0,jikeiretsu_13,,,1023.0,,,四国
1987,愛媛,19337.0,jikeiretsu_13,,,1524.0,,,四国
1987,高知,13916.0,jikeiretsu_13,,,834.0,,,四国
1987,福岡,43758.0,jikeiretsu_13,,,4755.8,,,九州・沖縄
1987,佐賀,12069.0,jikeiretsu_13,,,879.2,,,九州・沖縄
1987,長崎,14171.0,jikeiretsu_13,,,1581.6,,,九州・沖縄
1987,熊本,9716.0,jikeiretsu_13,,,1838.8,,,九州・沖縄
1987,大分,10131.0,jikeiretsu_13,,,1244.8,,,九州・沖縄
1987,宮崎,2421.0,jikeiretsu_13,,,1173.2,,,九州・沖縄
1987,鹿児島,1476.0,jikeiretsu_13,,,1810.6,,,九州・沖縄
1987,沖縄,,jikeiretsu_13,,,1196.2,,,九州・沖縄
1988,北海道,42560.0,jikeiretsu_13,,,5658.0,,,北海道
1988,青森,18527.0,jikeiretsu_13,,,1499.4,,,東北
1988,岩手,19670.0,jikeiretsu_13,,,1423.8,,,東北
1988,宮城,29072.0,jikeiretsu_13,,,2219.8,,,東北
1988,秋田,29668.0,jikeiretsu_13,,,1237.8,,,東北
1988,山形,24243.0,jikeiretsu_13,,,1259.6,,,東北
1988,福島,36100.0,jikeiretsu_13,,,2094.4,,,東北
1988,茨城,35847.0,jikeiretsu_13,,,2797.0,,,関東
1988,栃木,26412.0,jikeiretsu_13,,,1907.4,,,関東
1988,群馬,22280.0,jikeiretsu_13,,,1948.0,,,関東
1988,埼玉,59944.0,jikeiretsu_13,,,6188.6,,,関東
1988,千葉,47604.0,jikeiretsu_13,,,5392.2,,,関東
1988,東京,139580.0,jikeiretsu_13,,,11845.2,,,関東
1988,神奈川,68204.0,jikeiretsu_13,,,7760.8,,,関東
1988,新潟,58841.0,jikeiretsu_13,,,2476.2,,,中部
1988,富山,19307.0,jikeiretsu_13,,,1119.2,,,中部
1988,石川,19734.0,jikeiretsu_13,,,1159.8,,,中部
1988,福井,11725.0,jikeiretsu_13,,,821.6,,,中部
1988,山梨,9719.0,jikeiretsu_13,,,845.0,,,中部
1988,長野,36401.0,jikeiretsu_13,,,2149.0,,,中部
1988,岐阜,25529.0,jikeiretsu_13,,,2051.8,,,中部
1988,静岡,41968.0,jikeiretsu_13,,,3632.6,,,中部
1988,愛知,64172.0,jikeiretsu_13,,,6596.6,,,中部
1988,三重,22059.0,jikeiretsu_13,,,1774.6,,,中部
1988,滋賀,16779.0,jikeiretsu_13,,,1195.6,,,近畿
1988,京都,31073.0,jikeiretsu_13,,,2596.0,,,近畿
1988,大阪,100080.0,jikeiretsu_13,,,8708.2,,,近畿
1988,兵庫,62542.0,jikeiretsu_13,,,5354.2,,,近畿
1988,奈良,14186.0,jikeiretsu_13,,,1347.0,,,近畿
1988,和歌山,15627.0,jikeiretsu_13,,,1079.2,,,近畿
1988,鳥取,10816.0,jikeiretsu_13,,,616.0,,,中国
1988,島根,14925.0,jikeiretsu_13,,,786.6,,,中国
1988,岡山,26374.0,jikeiretsu_13,,,1922.4,,,中国
1988,広島,36900.0,jikeiretsu_13,,,2837.6,,,中国
1988,山口,19246.0,jikeiretsu_13,,,1584.6,,,中国
1988,徳島,10246.0,jikeiretsu_13,,,833.2,,,四国
1988,香川,13580.0,jikeiretsu_13,,,1023.0,,,四国
1988,愛媛,19580.0,jikeiretsu_13,,,1521.0,,,四国
1988,高知,13982.0,jikeiretsu_13,,,831.0,,,四国
1988,福岡,43866.0,jikeiretsu_13,,,4774.2,,,九州・沖縄
1988,佐賀,11852.0,jikeiretsu_13,,,878.8,,,九州・沖縄
1988,長崎,14102.0,jikeiretsu_13,,,1575.4,,,九州・沖縄
1988,熊本,9621.0,jikeiretsu_13,,,1839.2,,,九州・沖縄
1988,大分,9998.0,jikeiretsu_13,,,1242.2,,,九州・沖縄
1988,宮崎,2554.0,jikeiretsu_13,,,1171.8,,,九州・沖縄
1988,鹿児島,1529.0,jikeiretsu_13,,,1806.4,,,九州・沖縄
1988,沖縄,,jikeiretsu_13,,,1204.8,,,九州・沖縄
1989,北海道,40662.0,jikeiretsu_13,,,5651.0,,,北海道
1989,青森,18022.0,jikeiretsu_13,,,1491.2,,,東北
1989,岩手,18459.0,jikeiretsu_13,,,1420.4,,,東北
1989,宮城,27502.0,jikeiretsu_13,,,2234.4,,,東北
1989,秋田,26037.0,jikeiretsu_13,,,1232.4,,,東北
1989,山形,21612.0,jikeiretsu_13,,,1258.8,,,東北
1989,福島,32958.0,jikeiretsu_13,,,2099.2,,,東北
1989,茨城,33122.0,jikeiretsu_13,,,2821.0,,,関東
1989,栃木,25050.0,jikeiretsu_13,,,1921.2,,,関東
1989,群馬,20653.0,jikeiretsu_13,,,1957.0,,,関東
1989,埼玉,54937.0,jikeiretsu_13,,,6296.8,,,関東
1989,千葉,45256.0,jikeiretsu_13,,,5473.6,,,関東
1989,東京,134868.0,jikeiretsu_13,,,11850.6,,,関東
1989,神奈川,64062.0,jikeiretsu_13,,,7870.4,,,関東
1989,新潟,58214.0,jikeiretsu_13,,,2475.6,,,中部
1989,富山,19395.0,jikeiretsu_13,,,1119.6,,,中部
1989,石川,19089.0,jikeiretsu_13,,,1162.4,,,中部
1989,福井,11241.0,jikeiretsu_13,,,822.8,,,中部
1989,山梨,9869.0,jikeiretsu_13,,,849.0,,,中部
1989,長野,32322.0,jikeiretsu_13,,,2153.0,,,中部
1989,岐阜,24377.0,jikeiretsu_13,,,2059.4,,,中部
1989,静岡,39436.0,jikeiretsu_13,,,3651.8,,,中部
1989,愛知,61816.0,jikeiretsu_13,,,6643.8,,,中部
1989,三重,21252.0,jikeiretsu_13,,,1783.8,,,中部
1989,滋賀,16269.0,jikeiretsu_13,,,1208.8,,,近畿
1989,京都,29430.0,jikeiretsu_13,,,2599.0,,,近畿
1989,大阪,97444.0,jikeiretsu_13,,,8721.6,,,近畿
1989,兵庫,62141.0,jikeiretsu_13,,,5379.6,,,近畿
1989,奈良,14143.0,jikeiretsu_13,,,1361.0,,,近畿
1989,和歌山,14984.0,jikeiretsu_13,,,1076.6,,,近畿
1989,鳥取,10140.0,jikeiretsu_13,,,616.0,,,中国
1989,島根,14413.0,jikeiretsu_13,,,783.8,,,中国
1989,岡山,24535.0,jikeiretsu_13,,,1924.2,,,中国
1989,広島,34849.0,jikeiretsu_13,,,2843.8,,,中国
1989,山口,18460.0,jikeiretsu_13,,,1578.8,,,中国
1989,徳島,10101.0,jikeiretsu_13,,,832.6,,,四国
1989,香川,12632.0,jikeiretsu_13,,,1023.0,,,四国
1989,愛媛,18736.0,jikeiretsu_13,,,1518.0,,,四国
1989,高知,13059.0,jikeiretsu_13,,,828.0,,,四国
1989,福岡,43377.0,jikeiretsu_13,,,4792.6,,,九州・沖縄
1989,佐賀,11749.0,jikeiretsu_13,,,878.4,,,九州・沖縄
1989,長崎,13938.0,jikeiretsu_13,,,1569.2,,,九州・沖縄
1989,熊本,9728.0,jikeiretsu_13,,,1839.6,,,九州・沖縄
1989,大分,10356.0,jikeiretsu_13,,,1239.6,,,九州・沖縄
1989,宮崎,2652.0,jikeiretsu_13,,,1170.4,,,九州・沖縄
1989,鹿児島,1619.0,jikeiretsu_13,,,1802.2,,,九州・沖縄
1989,沖縄,,jikeiretsu_13,,,1213.4,,,九州・沖縄
1990,北海道,43021.0,jikeiretsu_13,,,5644.0,,,北海道
1990,青森,18342.0,jikeiretsu_13,,,1483.0,,,東北
1990,岩手,18850.0,jikeiretsu_13,,,1417.0,,,東北
1990,宮城,29606.0,jikeiretsu_13,,,2249.0,,,東北
1990,秋田,27717.0,jikeiretsu_13,,,1227.0,,,東北
1990,山形,23154.0,jikeiretsu_13,,,1258.0,,,東北
1990,福島,34768.0,jikeiretsu_13,,,2104.0,,,東北
1990,茨城,35053.0,jikeiretsu_13,,,2845.0,,,関東
1990,栃木,25612.0,jikeiretsu_13,,,1935.0,,,関東
1990,群馬,21908.0,jikeiretsu_13,,,1966.0,,,関東
1990,埼玉,55404.0,jikeiretsu_13,,,6405.0,,,関東
1990,千葉,47009.0,jikeiretsu_13,,,5555.0,,,関東
1990,東京,137101.0,jikeiretsu_13,,,11856.0,,,関東
1990,神奈川,65700.0,jikeiretsu_13,,,7980.0,,,関東
1990,新潟,56606.0,jikeiretsu_13,,,2475.0,,,中部
1990,富山,19423.0,jikeiretsu_13,,,1120.0,,,中部
1990,石川,19568.0,jikeiretsu_13,,,1165.0,,,中部
1990,福井,11284.0,jikeiretsu_13,,,824.0,,,中部
1990,山梨,9421.0,jikeiretsu_13,,,853.0,,,中部
1990,長野,33526.0,jikeiretsu_13,,,2157.0,,,中部
1990,岐阜,25318.0,jikeiretsu_13,,,2067.0,,,中部
1990,静岡,40599.0,jikeiretsu_13,,,3671.0,,,中部
1990,愛知,63514.0,jikeiretsu_13,,,6691.0,,,中部
1990,三重,21832.0,jikeiretsu_13,,,1793.0,,,中部
1990,滋賀,16350.0,jikeiretsu_13,,,1222.0,,,近畿
1990,京都,30460.0,jikeiretsu_13,,,2602.0,,,近畿
1990,大阪,96465.0,jikeiretsu_13,,,8735.0,,,近畿
1990,兵庫,62366.0,jikeiretsu_13,,,5405.0,,,近畿
1990,奈良,14004.0,jikeiretsu_13,,,1375.0,,,近畿
1990,和歌山,15051.0,jikeiretsu_13,,,1074.0,,,近畿
1990,鳥取,10240.0,jikeiretsu_13,,,616.0,,,中国
1990,島根,14542.0,jikeiretsu_13,,,781.0,,,中国
1990,岡山,24476.0,jikeiretsu_13,,,1926.0,,,中国
1990,広島,35556.0,jikeiretsu_13,,,2850.0,,,中国
1990,山口,18677.0,jikeiretsu_13,,,1573.0,,,中国
1990,徳島,10269.0,jikeiretsu_13,,,832.0,,,四国
1990,香川,12478.0,jikeiretsu_13,,,1023.0,,,四国
1990,愛媛,18706.0,jikeiretsu_13,,,1515.0,,,四国
1990,高知,13215.0,jikeiretsu_13,,,825.0,,,四国
1990,福岡,44199.0,jikeiretsu_13,,,4811.0,,,九州・沖縄
1990,佐賀,12081.0,jikeiretsu_13,,,878.0,,,九州・沖縄
1990,長崎,14006.0,jikeiretsu_13,,,1563.0,,,九州・沖縄
1990,熊本,9976.0,jikeiretsu_13,,,1840.0,,,九州・沖縄
1990,大分,10674.0,jikeiretsu_13,,,1237.0,,,九州・沖縄
1990,宮崎,2906.0,jikeiretsu_13,,,1169.0,,,九州・沖縄
1990,鹿児島,1758.0,jikeiretsu_13,,,1798.0,,,九州・沖縄
1990,沖縄,,jikeiretsu_13,,,1222.0,,,九州・沖縄
1991,北海道,44051.0,jikeiretsu_13,,,5653.6,,,北海道
1991,青森,18345.0,jikeiretsu_13,,,1482.8,,,東北
1991,岩手,18770.0,jikeiretsu_13,,,1417.6,,,東北
1991,宮城,29553.0,jikeiretsu_13,,,2265.0,,,東北
1991,秋田,27238.0,jikeiretsu_13,,,1224.4,,,東北
1991,山形,22250.0,jikeiretsu_13,,,1257.8,,,東北
1991,福島,34935.0,jikeiretsu_13,,,2110.0,,,東北
1991,茨城,34846.0,jikeiretsu_13,,,2867.2,,,関東
1991,栃木,24528.0,jikeiretsu_13,,,1944.8,,,関東
1991,群馬,21503.0,jikeiretsu_13,,,1973.6,,,関東
1991,埼玉,56402.0,jikeiretsu_13,,,6475.8,,,関東
1991,千葉,46584.0,jikeiretsu_13,,,5603.6,,,関東
1991,東京,138123.0,jikeiretsu_13,,,11839.6,,,関東
1991,神奈川,65727.0,jikeiretsu_13,,,8033.2,,,関東
1991,新潟,57886.0,jikeiretsu_13,,,2477.6,,,中部
1991,富山,19228.0,jikeiretsu_13,,,1120.6,,,中部
1991,石川,19669.0,jikeiretsu_13,,,1168.0,,,中部
1991,福井,11531.0,jikeiretsu_13,,,824.6,,,中部
1991,山梨,9806.0,jikeiretsu_13,,,858.8,,,中部
1991,長野,34310.0,jikeiretsu_13,,,2164.4,,,中部
1991,岐阜,25222.0,jikeiretsu_13,,,2073.6,,,中部
1991,静岡,40151.0,jikeiretsu_13,,,3684.4,,,中部
1991,愛知,63392.0,jikeiretsu_13,,,6726.4,,,中部
1991,三重,21361.0,jikeiretsu_13,,,1802.6,,,中部
1991,滋賀,16153.0,jikeiretsu_13,,,1235.0,,,近畿
1991,京都,30294.0,jikeiretsu_13,,,2607.6,,,近畿
1991,大阪,95594.0,jikeiretsu_13,,,8747.4,,,近畿
1991,兵庫,60821.0,jikeiretsu_13,,,5404.4,,,近畿
1991,奈良,14088.0,jikeiretsu_13,,,1386.2,,,近畿
1991,和歌山,14784.0,jikeiretsu_13,,,1075.2,,,近畿
1991,鳥取,9901.0,jikeiretsu_13,,,615.8,,,中国
1991,島根,14473.0,jikeiretsu_13,,,779.0,,,中国
1991,岡山,25186.0,jikeiretsu_13,,,1931.0,,,中国
1991,広島,35178.0,jikeiretsu_13,,,2856.4,,,中国
1991,山口,18782.0,jikeiretsu_13,,,1569.6,,,中国
1991,徳島,10820.0,jikeiretsu_13,,,832.0,,,四国
1991,香川,12323.0,jikeiretsu_13,,,1023.8,,,四国
1991,愛媛,18059.0,jikeiretsu_13,,,1513.4,,,四国
1991,高知,12776.0,jikeiretsu_13,,,823.4,,,四国
1991,福岡,44967.0,jikeiretsu_13,,,4835.4,,,九州・沖縄
1991,佐賀,12283.0,jikeiretsu_13,,,879.2,,,九州・沖縄
1991,長崎,14351.0,jikeiretsu_13,,,1559.4,,,九州・沖縄
1991,熊本,9892.0,jikeiretsu_13,,,1844.0,,,九州・沖縄
1991,大分,10634.0,jikeiretsu_13,,,1235.8,,,九州・沖縄
1991,宮崎,2969.0,jikeiretsu_13,,,1170.4,,,九州・沖縄
1991,鹿児島,1967.0,jikeiretsu_13,,,1797.2,,,九州・沖縄
1991,沖縄,,jikeiretsu_13,,,1232.2,,,九州・沖縄
1992,北海道,44403.0,jikeiretsu_13,,,5663.2,,,北海道
1992,青森,18455.0,jikeiretsu_13,,,1482.6,,,東北
1992,岩手,18464.0,jikeiretsu_13,,,1418.2,,,東北
1992,宮城,30506.0,jikeiretsu_13,,,2281.0,,,東北
1992,秋田,26304.0,jikeiretsu_13,,,1221.8,,,東北
1992,山形,21900.0,jikeiretsu_13,,,1257.6,,,東北
1992,福島,34145.0,jikeiretsu_13,,,2116.0,,,東北
1992,茨城,34238.0,jikeiretsu_13,,,2889.4,,,関東
1992,栃木,23416.0,jikeiretsu_13,,,1954.6,,,関東
1992,群馬,20498.0,jikeiretsu_13,,,1981.2,,,関東
1992,埼玉,55525.0,jikeiretsu_13,,,6546.6,,,関東
1992,千葉,46775.0,jikeiretsu_13,,,5652.2,,,関東
1992,東京,137601.0,jikeiretsu_13,,,11823.2,,,関東
1992,神奈川,68612.0,jikeiretsu_13,,,8086.4,,,関東
1992,新潟,57334.0,jikeiretsu_13,,,2480.2,,,中部
1992,富山,18840.0,jikeiretsu_13,,,1121.2,,,中部
1992,石川,19969.0,jikeiretsu_13,,,1171.0,,,中部
1992,福井,11386.0,jikeiretsu_13,,,825.2,,,中部
1992,山梨,10009.0,jikeiretsu_13,,,864.6,,,中部
1992,長野,34379.0,jikeiretsu_13,,,2171.8,,,中部
1992,岐阜,24911.0,jikeiretsu_13,,,2080.2,,,中部
1992,静岡,40112.0,jikeiretsu_13,,,3697.8,,,中部
1992,愛知,64103.0,jikeiretsu_13,,,6761.8,,,中部
1992,三重,21343.0,jikeiretsu_13,,,1812.2,,,中部
1992,滋賀,15972.0,jikeiretsu_13,,,1248.0,,,近畿
1992,京都,30118.0,jikeiretsu_13,,,2613.2,,,近畿
1992,大阪,94599.0,jikeiretsu_13,,,8759.8,,,近畿
1992,兵庫,63568.0,jikeiretsu_13,,,5403.8,,,近畿
1992,奈良,13458.0,jikeiretsu_13,,,1397.4,,,近畿
1992,和歌山,14666.0,jikeiretsu_13,,,1076.4,,,近畿
1992,鳥取,9949.0,jikeiretsu_13,,,615.6,,,中国
1992,島根,14177.0,jikeiretsu_13,,,777.0,,,中国
1992,岡山,24788.0,jikeiretsu_13,,,1936.0,,,中国
1992,広島,34927.0,jikeiretsu_13,,,2862.8,,,中国
1992,山口,18516.0,jikeiretsu_13,,,1566.2,,,中国
1992,徳島,9958.0,jikeiretsu_13,,,832.0,,,四国
1992,香川,12554.0,jikeiretsu_13,,,1024.6,,,四国
1992,愛媛,18006.0,jikeiretsu_13,,,1511.8,,,四国
1992,高知,12815.0,jikeiretsu_13,,,821.8,,,四国
1992,福岡,45270.0,jikeiretsu_13,,,4859.8,,,九州・沖縄
1992,佐賀,12262.0,jikeiretsu_13,,,880.4,,,九州・沖縄
1992,長崎,14616.0,jikeiretsu_13,,,1555.8,,,九州・沖縄
1992,熊本,9865.0,jikeiretsu_13,,,1848.0,,,九州・沖縄
1992,大分,10487.0,jikeiretsu_13,,,1234.6,,,九州・沖縄
1992,宮崎,3085.0,jikeiretsu_13,,,1171.8,,,九州・沖縄
1992,鹿児島,1947.0,jikeiretsu_13,,,1796.4,,,九州・沖縄
1992,沖縄,,jikeiretsu_13,,,1242.4,,,九州・沖縄
1993,北海道,45526.0,jikeiretsu_13,,,5672.8,,,北海道
1993,青森,18284.0,jikeiretsu_13,,,1482.4,,,東北
1993,岩手,18122.0,jikeiretsu_13,,,1418.8,,,東北
1993,宮城,29546.0,jikeiretsu_13,,,2297.0,,,東北
1993,秋田,26761.0,jikeiretsu_13,,,1219.2,,,東北
1993,山形,21890.0,jikeiretsu_13,,,1257.4,,,東北
1993,福島,34625.0,jikeiretsu_13,,,2122.0,,,東北
1993,茨城,34059.0,jikeiretsu_13,,,2911.6,,,関東
1993,栃木,23451.0,jikeiretsu_13,,,1964.4,,,関東
1993,群馬,21215.0,jikeiretsu_13,,,1988.8,,,関東
1993,埼玉,54986.0,jikeiretsu_13,,,6617.4,,,関東
1993,千葉,46679.0,jikeiretsu_13,,,5700.8,,,関東
1993,東京,137027.0,jikeiretsu_13,,,11806.8,,,関東
1993,神奈川,67254.0,jikeiretsu_13,,,8139.6,,,関東
1993,新潟,60811.0,jikeiretsu_13,,,2482.8,,,中部
1993,富山,19240.0,jikeiretsu_13,,,1121.8,,,中部
1993,石川,20303.0,jikeiretsu_13,,,1174.0,,,中部
1993,福井,11399.0,jikeiretsu_13,,,825.8,,,中部
1993,山梨,9697.0,jikeiretsu_13,,,870.4,,,中部
1993,長野,34081.0,jikeiretsu_13,,,2179.2,,,中部
1993,岐阜,25560.0,jikeiretsu_13,,,2086.8,,,中部
1993,静岡,39786.0,jikeiretsu_13,,,3711.2,,,中部
1993,愛知,63640.0,jikeiretsu_13,,,6797.2,,,中部
1993,三重,21114.0,jikeiretsu_13,,,1821.8,,,中部
1993,滋賀,16039.0,jikeiretsu_13,,,1261.0,,,近畿
1993,京都,29457.0,jikeiretsu_13,,,2618.8,,,近畿
1993,大阪,91745.0,jikeiretsu_13,,,8772.2,,,近畿
1993,兵庫,60859.0,jikeiretsu_13,,,5403.2,,,近畿
1993,奈良,13725.0,jikeiretsu_13,,,1408.6,,,近畿
1993,和歌山,14999.0,jikeiretsu_13,,,1077.6,,,近畿
1993,鳥取,9964.0,jikeiretsu_13,,,615.4,,,中国
1993,島根,14296.0,jikeiretsu_13,,,775.0,,,中国
1993,岡山,24126.0,jikeiretsu_13,,,1941.0,,,中国
1993,広島,33997.0,jikeiretsu_13,,,2869.2,,,中国
1993,山口,18301.0,jikeiretsu_13,,,1562.8,,,中国
1993,徳島,9684.0,jikeiretsu_13,,,832.0,,,四国
1993,香川,12289.0,jikeiretsu_13,,,1025.4,,,四国
1993,愛媛,18055.0,jikeiretsu_13,,,1510.2,,,四国
1993,高知,12526.0,jikeiretsu_13,,,820.2,,,四国
1993,福岡,44762.0,jikeiretsu_13,,,4884.2,,,九州・沖縄
1993,佐賀,12125.0,jikeiretsu_13,,,881.6,,,九州・沖縄
1993,長崎,14588.0,jikeiretsu_13,,,1552.2,,,九州・沖縄
1993,熊本,9891.0,jikeiretsu_13,,,1852.0,,,九州・沖縄
1993,大分,10420.0,jikeiretsu_13,,,1233.4,,,九州・沖縄
1993,宮崎,3184.0,jikeiretsu_13,,,1173.2,,,九州・沖縄
1993,鹿児島,2034.0,jikeiretsu_13,,,1795.6,,,九州・沖縄
1993,沖縄,,jikeiretsu_13,,,1252.6,,,九州・沖縄
1994,北海道,43821.0,jikeiretsu_13,,,5682.4,,,北海道
1994,青森,17354.0,jikeiretsu_13,,,1482.2,,,東北
1994,岩手,17216.0,jikeiretsu_13,,,1419.4,,,東北
1994,宮城,27031.0,jikeiretsu_13,,,2313.0,,,東北
1994,秋田,24753.0,jikeiretsu_13,,,1216.6,,,東北
1994,山形,21067.0,jikeiretsu_13,,,1257.2,,,東北
1994,福島,31782.0,jikeiretsu_13,,,2128.0,,,東北
1994,茨城,29610.0,jikeiretsu_13,,,2933.8,,,関東
1994,栃木,20643.0,jikeiretsu_13,,,1974.2,,,関東
1994,群馬,18601.0,jikeiretsu_13,,,1996.4,,,関東
1994,埼玉,49924.0,jikeiretsu_13,,,6688.2,,,関東
1994,千葉,42767.0,jikeiretsu_13,,,5749.4,,,関東
1994,東京,124336.0,jikeiretsu_13,,,11790.4,,,関東
1994,神奈川,62767.0,jikeiretsu_13,,,8192.8,,,関東
1994,新潟,55901.0,jikeiretsu_13,,,2485.4,,,中部
1994,富山,17728.0,jikeiretsu_13,,,1122.4,,,中部
1994,石川,18968.0,jikeiretsu_13,,,1177.0,,,中部
1994,福井,11205.0,jikeiretsu_13,,,826.4,,,中部
1994,山梨,8704.0,jikeiretsu_13,,,876.2,,,中部
1994,長野,32405.0,jikeiretsu_13,,,2186.6,,,中部
1994,岐阜,23424.0,jikeiretsu_13,,,2093.4,,,中部
1994,静岡,37147.0,jikeiretsu_13,,,3724.6,,,中部
1994,愛知,58129.0,jikeiretsu_13,,,6832.6,,,中部
1994,三重,20054.0,jikeiretsu_13,,,1831.4,,,中部
1994,滋賀,14690.0,jikeiretsu_13,,,1274.0,,,近畿
1994,京都,27078.0,jikeiretsu_13,,,2624.4,,,近畿
1994,大阪,85067.0,jikeiretsu_13,,,8784.6,,,近畿
1994,兵庫,52594.0,jikeiretsu_13,,,5402.6,,,近畿
1994,奈良,12519.0,jikeiretsu_13,,,1419.8,,,近畿
1994,和歌山,13726.0,jikeiretsu_13,,,1078.8,,,近畿
1994,鳥取,9282.0,jikeiretsu_13,,,615.2,,,中国
1994,島根,13255.0,jikeiretsu_13,,,773.0,,,中国
1994,岡山,22560.0,jikeiretsu_13,,,1946.0,,,中国
1994,広島,31710.0,jikeiretsu_13,,,2875.6,,,中国
1994,山口,16990.0,jikeiretsu_13,,,1559.4,,,中国
1994,徳島,9140.0,jikeiretsu_13,,,832.0,,,四国
1994,香川,11109.0,jikeiretsu_13,,,1026.2,,,四国
1994,愛媛,16788.0,jikeiretsu_13,,,1508.6,,,四国
1994,高知,11673.0,jikeiretsu_13,,,818.6,,,四国
1994,福岡,43721.0,jikeiretsu_13,,,4908.6,,,九州・沖縄
1994,佐賀,11456.0,jikeiretsu_13,,,882.8,,,九州・沖縄
1994,長崎,13843.0,jikeiretsu_13,,,1548.6,,,九州・沖縄
1994,熊本,9422.0,jikeiretsu_13,,,1856.0,,,九州・沖縄
1994,大分,9837.0,jikeiretsu_13,,,1232.2,,,九州・沖縄
1994,宮崎,3082.0,jikeiretsu_13,,,1174.6,,,九州・沖縄
1994,鹿児島,1970.0,jikeiretsu_13,,,1794.8,,,九州・沖縄
1994,沖縄,,jikeiretsu_13,,,1262.8,,,九州・沖縄
1995,北海道,44482.0,jikeiretsu_13,,,5692.0,,,北海道
1995,青森,16831.0,jikeiretsu_13,,,1482.0,,,東北
1995,岩手,16577.0,jikeiretsu_13,,,1420.0,,,東北
1995,宮城,27511.0,jikeiretsu_13,,,2329.0,,,東北
1995,秋田,24100.0,jikeiretsu_13,,,1214.0,,,東北
1995,山形,20493.0,jikeiretsu_13,,,1257.0,,,東北
1995,福島,30895.0,jikeiretsu_13,,,2134.0,,,東北
1995,茨城,30340.0,jikeiretsu_13,,,2956.0,,,関東
1995,栃木,19579.0,jikeiretsu_13,,,1984.0,,,関東
1995,群馬,21128.0,jikeiretsu_13,,,2004.0,,,関東
1995,埼玉,49321.0,jikeiretsu_13,,,6759.0,,,関東
1995,千葉,41414.0,jikeiretsu_13,,,5798.0,,,関東
1995,東京,127459.0,jikeiretsu_13,,,11774.0,,,関東
1995,神奈川,62070.0,jikeiretsu_13,,,8246.0,,,関東
1995,新潟,58101.0,jikeiretsu_13,,,2488.0,,,中部
1995,富山,18053.0,jikeiretsu_13,,,1123.0,,,中部
1995,石川,19264.0,jikeiretsu_13,,,1180.0,,,中部
1995,福井,11393.0,jikeiretsu_13,,,827.0,,,中部
1995,山梨,8841.0,jikeiretsu_13,,,882.0,,,中部
1995,長野,32028.0,jikeiretsu_13,,,2194.0,,,中部
1995,岐阜,23842.0,jikeiretsu_13,,,2100.0,,,中部
1995,静岡,37287.0,jikeiretsu_13,,,3738.0,,,中部
1995,愛知,59462.0,jikeiretsu_13,,,6868.0,,,中部
1995,三重,19599.0,jikeiretsu_13,,,1841.0,,,中部
1995,滋賀,15104.0,jikeiretsu_13,,,1287.0,,,近畿
1995,京都,28325.0,jikeiretsu_13,,,2630.0,,,近畿
1995,大阪,86403.0,jikeiretsu_13,,,8797.0,,,近畿
1995,兵庫,51698.0,jikeiretsu_13,,,5402.0,,,近畿
1995,奈良,11678.0,jikeiretsu_13,,,1431.0,,,近畿
1995,和歌山,13976.0,jikeiretsu_13,,,1080.0,,,近畿
1995,鳥取,9407.0,jikeiretsu_13,,,615.0,,,中国
1995,島根,13145.0,jikeiretsu_13,,,771.0,,,中国
1995,岡山,22232.0,jikeiretsu_13,,,1951.0,,,中国
1995,広島,31500.0,jikeiretsu_13,,,2882.0,,,中国
1995,山口,16963.0,jikeiretsu_13,,,1556.0,,,中国
1995,徳島,9570.0,jikeiretsu_13,,,832.0,,,四国
1995,香川,11527.0,jikeiretsu_13,,,1027.0,,,四国
1995,愛媛,16666.0,jikeiretsu_13,,,1507.0,,,四国
1995,高知,11570.0,jikeiretsu_13,,,817.0,,,四国
1995,福岡,42434.0,jikeiretsu_13,,,4933.0,,,九州・沖縄
1995,佐賀,11501.0,jikeiretsu_13,,,884.0,,,九州・沖縄
1995,長崎,14105.0,jikeiretsu_13,,,1545.0,,,九州・沖縄
1995,熊本,9246.0,jikeiretsu_13,,,1860.0,,,九州・沖縄
1995,大分,10112.0,jikeiretsu_13,,,1231.0,,,九州・沖縄
1995,宮崎,3138.0,jikeiretsu_13,,,1176.0,,,九州・沖縄
1995,鹿児島,2070.0,jikeiretsu_13,,,1794.0,,,九州・沖縄
1995,沖縄,,jikeiretsu_13,,,1273.0,,,九州・沖縄
1996,北海道,43841.0,jikeiretsu_13,,,5690.2,,,北海道
1996,青森,16193.0,jikeiretsu_13,,,1480.8,,,東北
1996,岩手,16513.0,jikeiretsu_13,,,1419.2,,,東北
1996,宮城,26488.0,jikeiretsu_13,,,2336.2,,,東北
1996,秋田,23327.0,jikeiretsu_13,,,1209.0,,,東北
1996,山形,19838.0,jikeiretsu_13,,,1254.4,,,東北
1996,福島,30160.0,jikeiretsu_13,,,2132.6,,,東北
1996,茨城,28566.0,jikeiretsu_13,,,2962.0,,,関東
1996,栃木,18888.0,jikeiretsu_13,,,1988.2,,,関東
1996,群馬,18946.0,jikeiretsu_13,,,2008.2,,,関東
1996,埼玉,47919.0,jikeiretsu_13,,,6794.8,,,関東
1996,千葉,40451.0,jikeiretsu_13,,,5823.6,,,関東
1996,東京,121314.0,jikeiretsu_13,,,11832.0,,,関東
1996,神奈川,60923.0,jikeiretsu_13,,,8294.8,,,関東
1996,新潟,57087.0,jikeiretsu_13,,,2485.6,,,中部
1996,富山,17806.0,jikeiretsu_13,,,1122.6,,,中部
1996,石川,17899.0,jikeiretsu_13,,,1180.2,,,中部
1996,福井,10739.0,jikeiretsu_13,,,827.4,,,中部
1996,山梨,8402.0,jikeiretsu_13,,,883.2,,,中部
1996,長野,30953.0,jikeiretsu_13,,,2198.2,,,中部
1996,岐阜,23648.0,jikeiretsu_13,,,2101.6,,,中部
1996,静岡,36186.0,jikeiretsu_13,,,3743.8,,,中部
1996,愛知,57693.0,jikeiretsu_13,,,6903.0,,,中部
1996,三重,19046.0,jikeiretsu_13,,,1844.2,,,中部
1996,滋賀,14081.0,jikeiretsu_13,,,1298.2,,,近畿
1996,京都,26183.0,jikeiretsu_13,,,2632.8,,,近畿
1996,大阪,80291.0,jikeiretsu_13,,,8798.6,,,近畿
1996,兵庫,49583.0,jikeiretsu_13,,,5431.8,,,近畿
1996,奈良,10947.0,jikeiretsu_13,,,1433.4,,,近畿
1996,和歌山,13946.0,jikeiretsu_13,,,1078.0,,,近畿
1996,鳥取,8860.0,jikeiretsu_13,,,614.6,,,中国
1996,島根,12582.0,jikeiretsu_13,,,769.2,,,中国
1996,岡山,21408.0,jikeiretsu_13,,,1951.0,,,中国
1996,広島,30713.0,jikeiretsu_13,,,2881.4,,,中国
1996,山口,16164.0,jikeiretsu_13,,,1550.4,,,中国
1996,徳島,8692.0,jikeiretsu_13,,,830.4,,,四国
1996,香川,10776.0,jikeiretsu_13,,,1026.2,,,四国
1996,愛媛,15897.0,jikeiretsu_13,,,1504.2,,,四国
1996,高知,11082.0,jikeiretsu_13,,,816.4,,,四国
1996,福岡,40996.0,jikeiretsu_13,,,4949.6,,,九州・沖縄
1996,佐賀,10837.0,jikeiretsu_13,,,882.6,,,九州・沖縄
1996,長崎,13556.0,jikeiretsu_13,,,1539.4,,,九州・沖縄
1996,熊本,8856.0,jikeiretsu_13,,,1859.8,,,九州・沖縄
1996,大分,9708.0,jikeiretsu_13,,,1229.0,,,九州・沖縄
1996,宮崎,3059.0,jikeiretsu_13,,,1174.8,,,九州・沖縄
1996,鹿児島,2061.0,jikeiretsu_13,,,1792.4,,,九州・沖縄
1996,沖縄,,jikeiretsu_13,,,1282.0,,,九州・沖縄
1997,北海道,40404.0,jikeiretsu_13,10102.0,gaikyo_old,5688.4,,,北海道
1997,青森,14520.0,jikeiretsu_13,7413.0,gaikyo_old,1479.6,,,東北
1997,岩手,15352.0,jikeiretsu_13,9154.0,gaikyo_old,1418.4,,,東北
1997,宮城,24298.0,jikeiretsu_13,8993.0,gaikyo_old,2343.4,,,東北
1997,秋田,21423.0,jikeiretsu_13,37025.0,gaikyo_old,1204.0,,,東北
1997,山形,18309.0,jikeiretsu_13,15510.0,gaikyo_old,1251.8,,,東北
1997,福島,27327.0,jikeiretsu_13,24965.0,gaikyo_old,2131.2,,,東北
1997,茨城,25930.0,jikeiretsu_13,9599.0,gaikyo_old,2968.0,,,関東
1997,栃木,17479.0,jikeiretsu_13,8703.0,gaikyo_old,1992.4,,,関東
1997,群馬,16684.0,jikeiretsu_13,6564.0,gaikyo_old,2012.4,,,関東
1997,埼玉,45180.0,jikeiretsu_13,22199.0,gaikyo_old,6830.6,,,関東
1997,千葉,34966.0,jikeiretsu_13,4089.0,gaikyo_old,5849.2,,,関東
1997,東京,112330.0,jikeiretsu_13,33802.0,gaikyo_old,11890.0,,,関東
1997,神奈川,58026.0,jikeiretsu_13,1527.0,gaikyo_old,8343.6,,,関東
1997,新潟,53182.0,jikeiretsu_13,59897.0,gaikyo_old,2483.2,,,中部
1997,富山,16620.0,jikeiretsu_13,11798.0,gaikyo_old,1122.2,,,中部
1997,石川,16929.0,jikeiretsu_13,13694.0,gaikyo_old,1180.4,,,中部
1997,福井,10006.0,jikeiretsu_13,5426.0,gaikyo_old,827.8,,,中部
1997,山梨,7956.0,jikeiretsu_13,3836.0,gaikyo_old,884.4,,,中部
1997,長野,28115.0,jikeiretsu_13,18798.0,gaikyo_old,2202.4,,,中部
1997,岐阜,21361.0,jikeiretsu_13,12442.0,gaikyo_old,2103.2,,,中部
1997,静岡,33042.0,jikeiretsu_13,4798.0,gaikyo_old,3749.6,,,中部
1997,愛知,52641.0,jikeiretsu_13,31380.0,gaikyo_old,6938.0,,,中部
1997,三重,16987.0,jikeiretsu_13,9633.0,gaikyo_old,1847.4,,,中部
1997,滋賀,13473.0,jikeiretsu_13,9136.0,gaikyo_old,1309.4,,,近畿
1997,京都,24358.0,jikeiretsu_13,126490.0,gaikyo_old,2635.6,,,近畿
1997,大阪,74779.0,jikeiretsu_13,7627.0,gaikyo_old,8800.2,,,近畿
1997,兵庫,47990.0,jikeiretsu_13,222736.0,gaikyo_old,5461.6,,,近畿
1997,奈良,9984.0,jikeiretsu_13,10805.0,gaikyo_old,1435.8,,,近畿
1997,和歌山,12360.0,jikeiretsu_13,6857.0,gaikyo_old,1076.0,,,近畿
1997,鳥取,8380.0,jikeiretsu_13,2691.0,gaikyo_old,614.2,,,中国
1997,島根,11573.0,jikeiretsu_13,5283.0,gaikyo_old,767.4,,,中国
1997,岡山,19550.0,jikeiretsu_13,14094.0,gaikyo_old,1951.0,,,中国
1997,広島,28358.0,jikeiretsu_13,27475.0,gaikyo_old,2880.8,,,中国
1997,山口,14772.0,jikeiretsu_13,5843.0,gaikyo_old,1544.8,,,中国
1997,徳島,7890.0,jikeiretsu_13,3777.0,gaikyo_old,828.8,,,四国
1997,香川,9933.0,jikeiretsu_13,6053.0,gaikyo_old,1025.4,,,四国
1997,愛媛,14640.0,jikeiretsu_13,7170.0,gaikyo_old,1501.4,,,四国
1997,高知,10692.0,jikeiretsu_13,10648.0,gaikyo_old,815.8,,,四国
1997,福岡,39371.0,jikeiretsu_13,12943.0,gaikyo_old,4966.2,,,九州・沖縄
1997,佐賀,10182.0,jikeiretsu_13,9433.0,gaikyo_old,881.2,,,九州・沖縄
1997,長崎,12524.0,jikeiretsu_13,2604.0,gaikyo_old,1533.8,,,九州・沖縄
1997,熊本,8264.0,jikeiretsu_13,4713.0,gaikyo_old,1859.6,,,九州・沖縄
1997,大分,9234.0,jikeiretsu_13,9620.0,gaikyo_old,1227.0,,,九州・沖縄
1997,宮崎,2859.0,jikeiretsu_13,,,1173.6,,,九州・沖縄
1997,鹿児島,1955.0,jikeiretsu_13,,,1790.8,,,九州・沖縄
1997,沖縄,,jikeiretsu_13,,,1291.0,,,九州・沖縄
1998,北海道,40550.0,jikeiretsu_13,8733.0,gaikyo_old,5686.6,,,北海道
1998,青森,14102.0,jikeiretsu_13,6901.0,gaikyo_old,1478.4,,,東北
1998,岩手,14475.0,jikeiretsu_13,8394.0,gaikyo_old,1417.6,,,東北
1998,宮城,22524.0,jikeiretsu_13,7668.0,gaikyo_old,2350.6,,,東北
1998,秋田,19813.0,jikeiretsu_13,32379.0,gaikyo_old,1199.0,,,東北
1998,山形,16478.0,jikeiretsu_13,13473.0,gaikyo_old,1249.2,,,東北
1998,福島,25654.0,jikeiretsu_13,22448.0,gaikyo_old,2129.8,,,東北
1998,茨城,23934.0,jikeiretsu_13,8375.0,gaikyo_old,2974.0,,,関東
1998,栃木,16106.0,jikeiretsu_13,7476.0,gaikyo_old,1996.6,,,関東
1998,群馬,15546.0,jikeiretsu_13,5582.0,gaikyo_old,2016.6,,,関東
1998,埼玉,42165.0,jikeiretsu_13,17052.0,gaikyo_old,6866.4,,,関東
1998,千葉,33395.0,jikeiretsu_13,4102.0,gaikyo_old,5874.8,,,関東
1998,東京,108342.0,jikeiretsu_13,28165.0,gaikyo_old,11948.0,,,関東
1998,神奈川,51525.0,jikeiretsu_13,1435.0,gaikyo_old,8392.4,,,関東
1998,新潟,50115.0,jikeiretsu_13,53143.0,gaikyo_old,2480.8,,,中部
1998,富山,15702.0,jikeiretsu_13,12270.0,gaikyo_old,1121.8,,,中部
1998,石川,16362.0,jikeiretsu_13,12175.0,gaikyo_old,1180.6,,,中部
1998,福井,9413.0,jikeiretsu_13,4533.0,gaikyo_old,828.2,,,中部
1998,山梨,7708.0,jikeiretsu_13,3175.0,gaikyo_old,885.6,,,中部
1998,長野,27035.0,jikeiretsu_13,15372.0,gaikyo_old,2206.6,,,中部
1998,岐阜,19741.0,jikeiretsu_13,10042.0,gaikyo_old,2104.8,,,中部
1998,静岡,31379.0,jikeiretsu_13,4370.0,gaikyo_old,3755.4,,,中部
1998,愛知,50682.0,jikeiretsu_13,28900.0,gaikyo_old,6973.0,,,中部
1998,三重,16017.0,jikeiretsu_13,8536.0,gaikyo_old,1850.6,,,中部
1998,滋賀,12182.0,jikeiretsu_13,8050.0,gaikyo_old,1320.6,,,近畿
1998,京都,23780.0,jikeiretsu_13,115633.0,gaikyo_old,2638.4,,,近畿
1998,大阪,68763.0,jikeiretsu_13,6075.0,gaikyo_old,8801.8,,,近畿
1998,兵庫,43566.0,jikeiretsu_13,207123.0,gaikyo_old,5491.4,,,近畿
1998,奈良,8899.0,jikeiretsu_13,8817.0,gaikyo_old,1438.2,,,近畿
1998,和歌山,11595.0,jikeiretsu_13,5162.0,gaikyo_old,1074.0,,,近畿
1998,鳥取,7611.0,jikeiretsu_13,2204.0,gaikyo_old,613.8,,,中国
1998,島根,10731.0,jikeiretsu_13,4784.0,gaikyo_old,765.6,,,中国
1998,岡山,18181.0,jikeiretsu_13,12370.0,gaikyo_old,1951.0,,,中国
1998,広島,25955.0,jikeiretsu_13,23544.0,gaikyo_old,2880.2,,,中国
1998,山口,13642.0,jikeiretsu_13,4779.0,gaikyo_old,1539.2,,,中国
1998,徳島,7782.0,jikeiretsu_13,3250.0,gaikyo_old,827.2,,,四国
1998,香川,9044.0,jikeiretsu_13,5445.0,gaikyo_old,1024.6,,,四国
1998,愛媛,13816.0,jikeiretsu_13,5661.0,gaikyo_old,1498.6,,,四国
1998,高知,9667.0,jikeiretsu_13,9965.0,gaikyo_old,815.2,,,四国
1998,福岡,36413.0,jikeiretsu_13,11876.0,gaikyo_old,4982.8,,,九州・沖縄
1998,佐賀,9623.0,jikeiretsu_13,8006.0,gaikyo_old,879.8,,,九州・沖縄
1998,長崎,11606.0,jikeiretsu_13,2406.0,gaikyo_old,1528.2,,,九州・沖縄
1998,熊本,7618.0,jikeiretsu_13,4373.0,gaikyo_old,1859.4,,,九州・沖縄
1998,大分,8579.0,jikeiretsu_13,9093.0,gaikyo_old,1225.0,,,九州・沖縄
1998,宮崎,2648.0,jikeiretsu_13,,,1172.4,,,九州・沖縄
1998,鹿児島,1883.0,jikeiretsu_13,,,1789.2,,,九州・沖縄
1998,沖縄,,jikeiretsu_13,,,1300.0,,,九州・沖縄
1999,北海道,37985.0,jikeiretsu_13,9534.0,gaikyo_old,5684.8,,,北海道
1999,青森,13353.0,jikeiretsu_13,5800.0,gaikyo_old,1477.2,,,東北
1999,岩手,14340.0,jikeiretsu_13,7994.0,gaikyo_old,1416.8,,,東北
1999,宮城,22057.0,jikeiretsu_13,7948.0,gaikyo_old,2357.8,,,東北
1999,秋田,18952.0,jikeiretsu_13,29891.0,gaikyo_old,1194.0,,,東北
1999,山形,16119.0,jikeiretsu_13,13011.0,gaikyo_old,1246.6,,,東北
1999,福島,25276.0,jikeiretsu_13,19735.0,gaikyo_old,2128.4,,,東北
1999,茨城,24519.0,jikeiretsu_13,7933.0,gaikyo_old,2980.0,,,関東
1999,栃木,15614.0,jikeiretsu_13,7173.0,gaikyo_old,2000.8,,,関東
1999,群馬,15566.0,jikeiretsu_13,5701.0,gaikyo_old,2020.8,,,関東
1999,埼玉,40190.0,jikeiretsu_13,19062.0,gaikyo_old,6902.2,,,関東
1999,千葉,34341.0,jikeiretsu_13,4059.0,gaikyo_old,5900.4,,,関東
1999,東京,102096.0,jikeiretsu_13,22107.0,gaikyo_old,12006.0,,,関東
1999,神奈川,49648.0,jikeiretsu_13,1374.0,gaikyo_old,8441.2,,,関東
1999,新潟,48428.0,jikeiretsu_13,48828.0,gaikyo_old,2478.4,,,中部
1999,富山,14866.0,jikeiretsu_13,11911.0,gaikyo_old,1121.4,,,中部
1999,石川,16077.0,jikeiretsu_13,10999.0,gaikyo_old,1180.8,,,中部
1999,福井,9522.0,jikeiretsu_13,4134.0,gaikyo_old,828.6,,,中部
1999,山梨,8175.0,jikeiretsu_13,3044.0,gaikyo_old,886.8,,,中部
1999,長野,25845.0,jikeiretsu_13,13202.0,gaikyo_old,2210.8,,,中部
1999,岐阜,19670.0,jikeiretsu_13,8556.0,gaikyo_old,2106.4,,,中部
1999,静岡,31130.0,jikeiretsu_13,4205.0,gaikyo_old,3761.2,,,中部
1999,愛知,53906.0,jikeiretsu_13,27166.0,gaikyo_old,7008.0,,,中部
1999,三重,16206.0,jikeiretsu_13,6652.0,gaikyo_old,1853.8,,,中部
1999,滋賀,12211.0,jikeiretsu_13,7692.0,gaikyo_old,1331.8,,,近畿
1999,京都,22339.0,jikeiretsu_13,111958.0,gaikyo_old,2641.2,,,近畿
1999,大阪,68960.0,jikeiretsu_13,5200.0,gaikyo_old,8803.4,,,近畿
1999,兵庫,42015.0,jikeiretsu_13,212288.0,gaikyo_old,5521.2,,,近畿
1999,奈良,10528.0,jikeiretsu_13,7693.0,gaikyo_old,1440.6,,,近畿
1999,和歌山,11224.0,jikeiretsu_13,5381.0,gaikyo_old,1072.0,,,近畿
1999,鳥取,7422.0,jikeiretsu_13,1927.0,gaikyo_old,613.4,,,中国
1999,島根,10250.0,jikeiretsu_13,4382.0,gaikyo_old,763.8,,,中国
1999,岡山,16811.0,jikeiretsu_13,11641.0,gaikyo_old,1951.0,,,中国
1999,広島,25592.0,jikeiretsu_13,23366.0,gaikyo_old,2879.6,,,中国
1999,山口,13617.0,jikeiretsu_13,3590.0,gaikyo_old,1533.6,,,中国
1999,徳島,7302.0,jikeiretsu_13,3245.0,gaikyo_old,825.6,,,四国
1999,香川,8737.0,jikeiretsu_13,4746.0,gaikyo_old,1023.8,,,四国
1999,愛媛,13094.0,jikeiretsu_13,5281.0,gaikyo_old,1495.8,,,四国
1999,高知,9292.0,jikeiretsu_13,9144.0,gaikyo_old,814.6,,,四国
1999,福岡,35316.0,jikeiretsu_13,11045.0,gaikyo_old,4999.4,,,九州・沖縄
1999,佐賀,9338.0,jikeiretsu_13,7918.0,gaikyo_old,878.4,,,九州・沖縄
1999,長崎,11269.0,jikeiretsu_13,2272.0,gaikyo_old,1522.6,,,九州・沖縄
1999,熊本,7518.0,jikeiretsu_13,4645.0,gaikyo_old,1859.2,,,九州・沖縄
1999,大分,8610.0,jikeiretsu_13,7267.0,gaikyo_old,1223.0,,,九州・沖縄
1999,宮崎,2699.0,jikeiretsu_13,,,1171.2,,,九州・沖縄
1999,鹿児島,1829.0,jikeiretsu_13,,,1787.6,,,九州・沖縄
1999,沖縄,,jikeiretsu_13,,,1309.0,,,九州・沖縄
2000,北海道,36435.0,jikeiretsu_13,7752.0,gaikyo_old,5683.0,,,北海道
2000,青森,12507.0,jikeiretsu_13,5157.0,gaikyo_old,1476.0,,,東北
2000,岩手,13276.0,jikeiretsu_13,7635.0,gaikyo_old,1416.0,,,東北
2000,宮城,20320.0,jikeiretsu_13,8528.0,gaikyo_old,2365.0,,,東北
2000,秋田,17587.0,jikeiretsu_13,27111.0,gaikyo_old,1189.0,,,東北
2000,山形,14991.0,jikeiretsu_13,12710.0,gaikyo_old,1244.0,,,東北
2000,福島,23467.0,jikeiretsu_13,20431.0,gaikyo_old,2127.0,,,東北
2000,茨城,23918.0,jikeiretsu_13,7533.0,gaikyo_old,2986.0,,,関東
2000,栃木,16469.0,jikeiretsu_13,6423.0,gaikyo_old,2005.0,,,関東
2000,群馬,14493.0,jikeiretsu_13,5304.0,gaikyo_old,2025.0,,,関東
2000,埼玉,39113.0,jikeiretsu_13,20208.0,gaikyo_old,6938.0,,,関東
2000,千葉,34327.0,jikeiretsu_13,3731.0,gaikyo_old,5926.0,,,関東
2000,東京,101761.0,jikeiretsu_13,28560.0,gaikyo_old,12064.0,,,関東
2000,神奈川,47187.0,jikeiretsu_13,1216.0,gaikyo_old,8490.0,,,関東
2000,新潟,45662.0,jikeiretsu_13,51374.0,gaikyo_old,2476.0,,,中部
2000,富山,14098.0,jikeiretsu_13,11883.0,gaikyo_old,1121.0,,,中部
2000,石川,15194.0,jikeiretsu_13,10937.0,gaikyo_old,1181.0,,,中部
2000,福井,8553.0,jikeiretsu_13,3872.0,gaikyo_old,829.0,,,中部
2000,山梨,7364.0,jikeiretsu_13,1936.0,gaikyo_old,888.0,,,中部
2000,長野,23970.0,jikeiretsu_13,12201.0,gaikyo_old,2215.0,,,中部
2000,岐阜,18403.0,jikeiretsu_13,8426.0,gaikyo_old,2108.0,,,中部
2000,静岡,28808.0,jikeiretsu_13,4434.0,gaikyo_old,3767.0,,,中部
2000,愛知,49836.0,jikeiretsu_13,28112.0,gaikyo_old,7043.0,,,中部
2000,三重,14091.0,jikeiretsu_13,5912.0,gaikyo_old,1857.0,,,中部
2000,滋賀,11275.0,jikeiretsu_13,7579.0,gaikyo_old,1343.0,,,近畿
2000,京都,22868.0,jikeiretsu_13,109862.0,gaikyo_old,2644.0,,,近畿
2000,大阪,63489.0,jikeiretsu_13,4892.0,gaikyo_old,8805.0,,,近畿
2000,兵庫,40305.0,jikeiretsu_13,216466.0,gaikyo_old,5551.0,,,近畿
2000,奈良,10454.0,jikeiretsu_13,7123.0,gaikyo_old,1443.0,,,近畿
2000,和歌山,10732.0,jikeiretsu_13,4226.0,gaikyo_old,1070.0,,,近畿
2000,鳥取,6777.0,jikeiretsu_13,1947.0,gaikyo_old,613.0,,,中国
2000,島根,9459.0,jikeiretsu_13,3946.0,gaikyo_old,762.0,,,中国
2000,岡山,15908.0,jikeiretsu_13,8939.0,gaikyo_old,1951.0,,,中国
2000,広島,24112.0,jikeiretsu_13,20926.0,gaikyo_old,2879.0,,,中国
2000,山口,12306.0,jikeiretsu_13,3020.0,gaikyo_old,1528.0,,,中国
2000,徳島,7055.0,jikeiretsu_13,2358.0,gaikyo_old,824.0,,,四国
2000,香川,8263.0,jikeiretsu_13,4308.0,gaikyo_old,1023.0,,,四国
2000,愛媛,12344.0,jikeiretsu_13,4877.0,gaikyo_old,1493.0,,,四国
2000,高知,8527.0,jikeiretsu_13,8938.0,gaikyo_old,814.0,,,四国
2000,福岡,33852.0,jikeiretsu_13,9278.0,gaikyo_old,5016.0,,,九州・沖縄
2000,佐賀,8636.0,jikeiretsu_13,7615.0,gaikyo_old,877.0,,,九州・沖縄
2000,長崎,10520.0,jikeiretsu_13,2137.0,gaikyo_old,1517.0,,,九州・沖縄
2000,熊本,6839.0,jikeiretsu_13,4025.0,gaikyo_old,1859.0,,,九州・沖縄
2000,大分,7550.0,jikeiretsu_13,7156.0,gaikyo_old,1221.0,,,九州・沖縄
2000,宮崎,2483.0,jikeiretsu_13,,,1170.0,,,九州・沖縄
2000,鹿児島,1857.0,jikeiretsu_13,,,1786.0,,,九州・沖縄
2000,沖縄,,jikeiretsu_13,,,1318.0,,,九州・沖縄
2001,北海道,35413.0,jikeiretsu_13,7957.0,gaikyo_old,5672.0,,,北海道
2001,青森,12017.0,jikeiretsu_13,4938.0,gaikyo_old,1468.2,,,東北
2001,岩手,12538.0,jikeiretsu_13,6329.0,gaikyo_old,1409.8,,,東北
2001,宮城,19366.0,jikeiretsu_13,8248.0,gaikyo_old,2364.0,,,東北
2001,秋田,16619.0,jikeiretsu_13,23651.0,gaikyo_old,1180.4,,,東北
2001,山形,13827.0,jikeiretsu_13,12131.0,gaikyo_old,1238.4,,,東北
2001,福島,22591.0,jikeiretsu_13,20059.0,gaikyo_old,2119.8,,,東北
2001,茨城,23060.0,jikeiretsu_13,7117.0,gaikyo_old,2983.8,,,関東
2001,栃木,15458.0,jikeiretsu_13,5995.0,gaikyo_old,2007.4,,,関東
2001,群馬,13701.0,jikeiretsu_13,4934.0,gaikyo_old,2024.8,,,関東
2001,埼玉,37979.0,jikeiretsu_13,18729.0,gaikyo_old,6961.2,,,関東
2001,千葉,34431.0,jikeiretsu_13,3487.0,gaikyo_old,5952.0,,,関東
2001,東京,97354.0,jikeiretsu_13,22241.0,gaikyo_old,12166.6,,,関東
2001,神奈川,47781.0,jikeiretsu_13,1168.0,gaikyo_old,8550.4,,,関東
2001,新潟,43838.0,jikeiretsu_13,50227.0,gaikyo_old,2467.0,,,中部
2001,富山,13650.0,jikeiretsu_13,10383.0,gaikyo_old,1119.2,,,中部
2001,石川,14611.0,jikeiretsu_13,9908.0,gaikyo_old,1179.6,,,中部
2001,福井,8035.0,jikeiretsu_13,3547.0,gaikyo_old,827.6,,,中部
2001,山梨,6725.0,jikeiretsu_13,1714.0,gaikyo_old,887.4,,,中部
2001,長野,23712.0,jikeiretsu_13,11280.0,gaikyo_old,2211.2,,,中部
2001,岐阜,17814.0,jikeiretsu_13,7739.0,gaikyo_old,2107.8,,,中部
2001,静岡,28243.0,jikeiretsu_13,4383.0,gaikyo_old,3772.0,,,中部
2001,愛知,45764.0,jikeiretsu_13,25788.0,gaikyo_old,7085.4,,,中部
2001,三重,13488.0,jikeiretsu_13,5233.0,gaikyo_old,1859.0,,,中部
2001,滋賀,11179.0,jikeiretsu_13,6612.0,gaikyo_old,1350.4,,,近畿
2001,京都,20762.0,jikeiretsu_13,111691.0,gaikyo_old,2644.8,,,近畿
2001,大阪,59686.0,jikeiretsu_13,4176.0,gaikyo_old,8807.4,,,近畿
2001,兵庫,38353.0,jikeiretsu_13,193251.0,gaikyo_old,5559.0,,,近畿
2001,奈良,9435.0,jikeiretsu_13,6531.0,gaikyo_old,1438.6,,,近畿
2001,和歌山,9617.0,jikeiretsu_13,3547.0,gaikyo_old,1063.2,,,近畿
2001,鳥取,6510.0,jikeiretsu_13,1914.0,gaikyo_old,611.8,,,中国
2001,島根,9011.0,jikeiretsu_13,3600.0,gaikyo_old,758.0,,,中国
2001,岡山,15208.0,jikeiretsu_13,7668.0,gaikyo_old,1952.2,,,中国
2001,広島,22294.0,jikeiretsu_13,17364.0,gaikyo_old,2878.6,,,中国
2001,山口,11495.0,jikeiretsu_13,2507.0,gaikyo_old,1521.0,,,中国
2001,徳島,6397.0,jikeiretsu_13,1620.0,gaikyo_old,821.2,,,四国
2001,香川,7705.0,jikeiretsu_13,2693.0,gaikyo_old,1020.8,,,四国
2001,愛媛,11454.0,jikeiretsu_13,3656.0,gaikyo_old,1488.0,,,四国
2001,高知,8035.0,jikeiretsu_13,8315.0,gaikyo_old,810.4,,,四国
2001,福岡,31334.0,jikeiretsu_13,8844.0,gaikyo_old,5022.8,,,九州・沖縄
2001,佐賀,8029.0,jikeiretsu_13,6652.0,gaikyo_old,874.8,,,九州・沖縄
2001,長崎,9990.0,jikeiretsu_13,1643.0,gaikyo_old,1509.4,,,九州・沖縄
2001,熊本,6668.0,jikeiretsu_13,3772.0,gaikyo_old,1855.6,,,九州・沖縄
2001,大分,7046.0,jikeiretsu_13,5828.0,gaikyo_old,1218.8,,,九州・沖縄
2001,宮崎,2448.0,jikeiretsu_13,,,1166.6,,,九州・沖縄
2001,鹿児島,1974.0,jikeiretsu_13,,,1779.4,,,九州・沖縄
2001,沖縄,,jikeiretsu_13,,,1326.8,,,九州・沖縄
2002,北海道,34941.0,jikeiretsu_13,7085.0,gaikyo_old,5661.0,,,北海道
2002,青森,11706.801,jikeiretsu_13,5181.0,gaikyo_old,1460.4,,,東北
2002,岩手,12104.0,jikeiretsu_13,6116.0,gaikyo_old,1403.6,,,東北
2002,宮城,18520.0,jikeiretsu_13,8017.0,gaikyo_old,2363.0,,,東北
2002,秋田,15863.0,jikeiretsu_13,24425.0,gaikyo_old,1171.8,,,東北
2002,山形,13135.0,jikeiretsu_13,10884.0,gaikyo_old,1232.8,,,東北
2002,福島,21409.0,jikeiretsu_13,18847.0,gaikyo_old,2112.6,,,東北
2002,茨城,21641.0,jikeiretsu_13,6802.0,gaikyo_old,2981.6,,,関東
2002,栃木,15322.0,jikeiretsu_13,5983.0,gaikyo_old,2009.8,,,関東
2002,群馬,13925.0,jikeiretsu_13,4649.0,gaikyo_old,2024.6,,,関東
2002,埼玉,36840.0,jikeiretsu_13,16773.0,gaikyo_old,6984.4,,,関東
2002,千葉,31341.0,jikeiretsu_13,3251.0,gaikyo_old,5978.0,,,関東
2002,東京,96173.0,jikeiretsu_13,22562.0,gaikyo_old,12269.2,,,関東
2002,神奈川,44096.0,jikeiretsu_13,883.0,gaikyo_old,8610.8,,,関東
2002,新潟,42117.0,jikeiretsu_13,49150.0,gaikyo_old,2458.0,,,中部
2002,富山,12180.0,jikeiretsu_13,8736.0,gaikyo_old,1117.4,,,中部
2002,石川,13518.0,jikeiretsu_13,8324.0,gaikyo_old,1178.2,,,中部
2002,福井,7831.0,jikeiretsu_13,3398.0,gaikyo_old,826.2,,,中部
2002,山梨,6710.0,jikeiretsu_13,1570.0,gaikyo_old,886.8,,,中部
2002,長野,22119.0,jikeiretsu_13,10397.0,gaikyo_old,2207.4,,,中部
2002,岐阜,16911.0,jikeiretsu_13,6893.0,gaikyo_old,2107.6,,,中部
2002,静岡,26474.0,jikeiretsu_13,4233.0,gaikyo_old,3777.0,,,中部
2002,愛知,41915.0,jikeiretsu_13,24021.0,gaikyo_old,7127.8,,,中部
2002,三重,12325.0,jikeiretsu_13,4455.0,gaikyo_old,1861.0,,,中部
2002,滋賀,10259.0,jikeiretsu_13,6176.0,gaikyo_old,1357.8,,,近畿
2002,京都,19955.0,jikeiretsu_13,100279.0,gaikyo_old,2645.6,,,近畿
2002,大阪,55725.0,jikeiretsu_13,4083.0,gaikyo_old,8809.8,,,近畿
2002,兵庫,36654.0,jikeiretsu_13,182339.0,gaikyo_old,5567.0,,,近畿
2002,奈良,9787.0,jikeiretsu_13,5428.0,gaikyo_old,1434.2,,,近畿
2002,和歌山,9585.0,jikeiretsu_13,3826.0,gaikyo_old,1056.4,,,近畿
2002,鳥取,6286.0,jikeiretsu_13,1772.0,gaikyo_old,610.6,,,中国
2002,島根,8429.0,jikeiretsu_13,3330.0,gaikyo_old,754.0,,,中国
2002,岡山,14717.0,jikeiretsu_13,7284.0,gaikyo_old,1953.4,,,中国
2002,広島,21210.0,jikeiretsu_13,17383.0,gaikyo_old,2878.2,,,中国
2002,山口,10730.0,jikeiretsu_13,2397.0,gaikyo_old,1514.0,,,中国
2002,徳島,6123.0,jikeiretsu_13,1449.0,gaikyo_old,818.4,,,四国
2002,香川,7334.0,jikeiretsu_13,2985.0,gaikyo_old,1018.6,,,四国
2002,愛媛,10997.0,jikeiretsu_13,4010.0,gaikyo_old,1483.0,,,四国
2002,高知,7534.0,jikeiretsu_13,7862.0,gaikyo_old,806.8,,,四国
2002,福岡,29792.0,jikeiretsu_13,7492.0,gaikyo_old,5029.6,,,九州・沖縄
2002,佐賀,7375.0,jikeiretsu_13,5779.0,gaikyo_old,872.6,,,九州・沖縄
2002,長崎,9494.0,jikeiretsu_13,1614.0,gaikyo_old,1501.8,,,九州・沖縄
2002,熊本,6296.0,jikeiretsu_13,3242.0,gaikyo_old,1852.2,,,九州・沖縄
2002,大分,6788.0,jikeiretsu_13,5730.0,gaikyo_old,1216.6,,,九州・沖縄
2002,宮崎,2367.0,jikeiretsu_13,,,1163.2,,,九州・沖縄
2002,鹿児島,1729.0,jikeiretsu_13,,,1772.8,,,九州・沖縄
2002,沖縄,,jikeiretsu_13,,,1335.6,,,九州・沖縄
2003,北海道,32723.0,jikeiretsu_13,6886.0,gaikyo_old,5650.0,,,北海道
2003,青森,11138.0,jikeiretsu_13,4526.0,gaikyo_old,1452.6,,,東北
2003,岩手,11654.0,jikeiretsu_13,6014.0,gaikyo_old,1397.4,,,東北
2003,宮城,17726.0,jikeiretsu_13,8007.0,gaikyo_old,2362.0,,,東北
2003,秋田,15204.0,jikeiretsu_13,22918.0,gaikyo_old,1163.2,,,東北
2003,山形,12329.0,jikeiretsu_13,9556.0,gaikyo_old,1227.2,,,東北
2003,福島,20647.0,jikeiretsu_13,17922.0,gaikyo_old,2105.4,,,東北
2003,茨城,20491.0,jikeiretsu_13,6437.0,gaikyo_old,2979.4,,,関東
2003,栃木,13627.0,jikeiretsu_13,6556.0,gaikyo_old,2012.2,,,関東
2003,群馬,13182.0,jikeiretsu_13,4313.0,gaikyo_old,2024.4,,,関東
2003,埼玉,35027.0,jikeiretsu_13,16225.0,gaikyo_old,7007.6,,,関東
2003,千葉,30789.0,jikeiretsu_13,3050.0,gaikyo_old,6004.0,,,関東
2003,東京,87323.0,jikeiretsu_13,23309.0,gaikyo_old,12371.8,,,関東
2003,神奈川,42048.0,jikeiretsu_13,886.0,gaikyo_old,8671.2,,,関東
2003,新潟,39282.0,jikeiretsu_13,46565.0,gaikyo_old,2449.0,,,中部
2003,富山,11649.0,jikeiretsu_13,7928.0,gaikyo_old,1115.6,,,中部
2003,石川,12619.0,jikeiretsu_13,7445.0,gaikyo_old,1176.8,,,中部
2003,福井,6969.0,jikeiretsu_13,2900.0,gaikyo_old,824.8,,,中部
2003,山梨,5955.0,jikeiretsu_13,1676.0,gaikyo_old,886.2,,,中部
2003,長野,21825.0,jikeiretsu_13,10358.0,gaikyo_old,2203.6,,,中部
2003,岐阜,15638.0,jikeiretsu_13,6414.0,gaikyo_old,2107.4,,,中部
2003,静岡,24560.0,jikeiretsu_13,4186.0,gaikyo_old,3782.0,,,中部
2003,愛知,38256.0,jikeiretsu_13,23228.0,gaikyo_old,7170.2,,,中部
2003,三重,11853.0,jikeiretsu_13,4431.0,gaikyo_old,1863.0,,,中部
2003,滋賀,9696.0,jikeiretsu_13,5713.0,gaikyo_old,1365.2,,,近畿
2003,京都,18557.0,jikeiretsu_13,100205.0,gaikyo_old,2646.4,,,近畿
2003,大阪,50708.0,jikeiretsu_13,2501.0,gaikyo_old,8812.2,,,近畿
2003,兵庫,34025.0,jikeiretsu_13,161352.0,gaikyo_old,5575.0,,,近畿
2003,奈良,9401.0,jikeiretsu_13,5224.0,gaikyo_old,1429.8,,,近畿
2003,和歌山,8543.0,jikeiretsu_13,4304.0,gaikyo_old,1049.6,,,近畿
2003,鳥取,5735.0,jikeiretsu_13,1541.0,gaikyo_old,609.4,,,中国
2003,島根,7656.0,jikeiretsu_13,2773.0,gaikyo_old,750.0,,,中国
2003,岡山,13743.0,jikeiretsu_13,6339.0,gaikyo_old,1954.6,,,中国
2003,広島,18841.0,jikeiretsu_13,16020.0,gaikyo_old,2877.8,,,中国
2003,山口,9934.0,jikeiretsu_13,2014.0,gaikyo_old,1507.0,,,中国
2003,徳島,5630.0,jikeiretsu_13,1402.0,gaikyo_old,815.6,,,四国
2003,香川,6833.0,jikeiretsu_13,2545.0,gaikyo_old,1016.4,,,四国
2003,愛媛,9824.0,jikeiretsu_13,3401.0,gaikyo_old,1478.0,,,四国
2003,高知,6916.0,jikeiretsu_13,7540.0,gaikyo_old,803.2,,,四国
2003,福岡,26301.0,jikeiretsu_13,6466.0,gaikyo_old,5036.4,,,九州・沖縄
2003,佐賀,6677.0,jikeiretsu_13,4603.0,gaikyo_old,870.4,,,九州・沖縄
2003,長崎,8684.0,jikeiretsu_13,1533.0,gaikyo_old,1494.2,,,九州・沖縄
2003,熊本,5882.0,jikeiretsu_13,2886.0,gaikyo_old,1848.8,,,九州・沖縄
2003,大分,6305.0,jikeiretsu_13,5617.0,gaikyo_old,1214.4,,,九州・沖縄
2003,宮崎,2428.0,jikeiretsu_13,,,1159.8,,,九州・沖縄
2003,鹿児島,1634.0,jikeiretsu_13,,,1766.2,,,九州・沖縄
2003,沖縄,,jikeiretsu_13,,,1344.4,,,九州・沖縄
2004,北海道,29810.0,jikeiretsu_13,4758.0,gaikyo_old,5639.0,,,北海道
2004,青森,9673.0,jikeiretsu_13,4628.0,gaikyo_old,1444.8,,,東北
2004,岩手,10314.0,jikeiretsu_13,4982.0,gaikyo_old,1391.2,,,東北
2004,宮城,15883.177,jikeiretsu_13,6959.0,gaikyo_old,2361.0,,,東北
2004,秋田,13023.0,jikeiretsu_13,19109.0,gaikyo_old,1154.6,,,東北
2004,山形,11108.0,jikeiretsu_13,9363.0,gaikyo_old,1221.6,,,東北
2004,福島,19021.0,jikeiretsu_13,16256.0,gaikyo_old,2098.2,,,東北
2004,茨城,18407.0,jikeiretsu_13,5678.0,gaikyo_old,2977.2,,,関東
2004,栃木,13081.0,jikeiretsu_13,6234.0,gaikyo_old,2014.6,,,関東
2004,群馬,12245.0,jikeiretsu_13,4285.0,gaikyo_old,2024.2,,,関東
2004,埼玉,32688.583,jikeiretsu_13,15201.0,gaikyo_old,7030.8,,,関東
2004,千葉,27441.0,jikeiretsu_13,2637.0,gaikyo_old,6030.0,,,関東
2004,東京,81908.0,jikeiretsu_13,20209.0,gaikyo_old,12474.4,,,関東
2004,神奈川,36908.0,jikeiretsu_13,863.0,gaikyo_old,8731.6,,,関東
2004,新潟,36159.0,jikeiretsu_13,40368.0,gaikyo_old,2440.0,,,中部
2004,富山,10299.0,jikeiretsu_13,7077.0,gaikyo_old,1113.8,,,中部
2004,石川,11306.0,jikeiretsu_13,6827.0,gaikyo_old,1175.4,,,中部
2004,福井,6429.0,jikeiretsu_13,2775.0,gaikyo_old,823.4,,,中部
2004,山梨,5409.0,jikeiretsu_13,1249.0,gaikyo_old,885.6,,,中部
2004,長野,18786.0,jikeiretsu_13,9539.0,gaikyo_old,2199.8,,,中部
2004,岐阜,13831.0,jikeiretsu_13,4565.0,gaikyo_old,2107.2,,,中部
2004,静岡,22084.0,jikeiretsu_13,3969.0,gaikyo_old,3787.0,,,中部
2004,愛知,33687.0,jikeiretsu_13,21800.0,gaikyo_old,7212.6,,,中部
2004,三重,10802.0,jikeiretsu_13,3591.0,gaikyo_old,1865.0,,,中部
2004,滋賀,8653.0,jikeiretsu_13,4389.0,gaikyo_old,1372.6,,,近畿
2004,京都,17033.0,jikeiretsu_13,85946.0,gaikyo_old,2647.2,,,近畿
2004,大阪,46399.0,jikeiretsu_13,2533.0,gaikyo_old,8814.6,,,近畿
2004,兵庫,29663.0,jikeiretsu_13,146494.0,gaikyo_old,5583.0,,,近畿
2004,奈良,7700.0,jikeiretsu_13,3739.0,gaikyo_old,1425.4,,,近畿
2004,和歌山,7288.0,jikeiretsu_13,4027.0,gaikyo_old,1042.8,,,近畿
2004,鳥取,5212.0,jikeiretsu_13,1177.0,gaikyo_old,608.2,,,中国
2004,島根,7342.0,jikeiretsu_13,2379.0,gaikyo_old,746.0,,,中国
2004,岡山,12352.0,jikeiretsu_13,5202.0,gaikyo_old,1955.8,,,中国
2004,広島,17163.0,jikeiretsu_13,12158.0,gaikyo_old,2877.4,,,中国
2004,山口,9033.0,jikeiretsu_13,1897.0,gaikyo_old,1500.0,,,中国
2004,徳島,5146.0,jikeiretsu_13,925.0,gaikyo_old,812.8,,,四国
2004,香川,6086.0,jikeiretsu_13,1776.0,gaikyo_old,1014.2,,,四国
2004,愛媛,8754.0,jikeiretsu_13,2873.0,gaikyo_old,1473.0,,,四国
2004,高知,6155.0,jikeiretsu_13,5416.0,gaikyo_old,799.6,,,四国
2004,福岡,23634.0,jikeiretsu_13,5807.0,gaikyo_old,5043.2,,,九州・沖縄
2004,佐賀,6046.0,jikeiretsu_13,4141.0,gaikyo_old,868.2,,,九州・沖縄
2004,長崎,7445.0,jikeiretsu_13,1201.0,gaikyo_old,1486.6,,,九州・沖縄
2004,熊本,5135.0,jikeiretsu_13,2805.0,gaikyo_old,1845.4,,,九州・沖縄
2004,大分,5701.0,jikeiretsu_13,4983.0,gaikyo_old,1212.2,,,九州・沖縄
2004,宮崎,2001.0,jikeiretsu_13,,,1156.4,,,九州・沖縄
2004,鹿児島,1490.0,jikeiretsu_13,,,1759.6,,,九州・沖縄
2004,沖縄,951.0,jikeiretsu_13,,,1353.2,,,九州・沖縄
2005,北海道,30537.0,jikeiretsu_13,5573.0,gaikyo_old,5628.0,,,北海道
2005,青森,9508.0,jikeiretsu_13,3856.0,gaikyo_old,1437.0,,,東北
2005,岩手,9633.0,jikeiretsu_13,4070.0,gaikyo_old,1385.0,,,東北
2005,宮城,15402.0,jikeiretsu_13,6882.0,gaikyo_old,2360.0,,,東北
2005,秋田,12294.0,jikeiretsu_13,18553.0,gaikyo_old,1146.0,,,東北
2005,山形,10639.0,jikeiretsu_13,8476.0,gaikyo_old,1216.0,,,東北
2005,福島,18322.0,jikeiretsu_13,15187.0,gaikyo_old,2091.0,,,東北
2005,茨城,17607.0,jikeiretsu_13,5294.0,gaikyo_old,2975.0,,,関東
2005,栃木,12386.0,jikeiretsu_13,6117.0,gaikyo_old,2017.0,,,関東
2005,群馬,11969.0,jikeiretsu_13,3664.0,gaikyo_old,2024.0,,,関東
2005,埼玉,31662.0,jikeiretsu_13,13518.0,gaikyo_old,7054.0,,,関東
2005,千葉,27449.0,jikeiretsu_13,2485.0,gaikyo_old,6056.0,,,関東
2005,東京,77373.0,jikeiretsu_13,15019.0,gaikyo_old,12577.0,,,関東
2005,神奈川,36650.0,jikeiretsu_13,1027.0,gaikyo_old,8792.0,,,関東
2005,新潟,36048.0,jikeiretsu_13,40163.0,gaikyo_old,2431.0,,,中部
2005,富山,10043.0,jikeiretsu_13,5759.0,gaikyo_old,1112.0,,,中部
2005,石川,10587.0,jikeiretsu_13,6703.0,gaikyo_old,1174.0,,,中部
2005,福井,6410.0,jikeiretsu_13,2678.0,gaikyo_old,822.0,,,中部
2005,山梨,4921.0,jikeiretsu_13,1127.0,gaikyo_old,885.0,,,中部
2005,長野,17916.0,jikeiretsu_13,8049.0,gaikyo_old,2196.0,,,中部
2005,岐阜,13287.0,jikeiretsu_13,4668.0,gaikyo_old,2107.0,,,中部
2005,静岡,21394.0,jikeiretsu_13,3656.0,gaikyo_old,3792.0,,,中部
2005,愛知,32871.0,jikeiretsu_13,20748.0,gaikyo_old,7255.0,,,中部
2005,三重,9948.0,jikeiretsu_13,3266.0,gaikyo_old,1867.0,,,中部
2005,滋賀,8514.0,jikeiretsu_13,5331.0,gaikyo_old,1380.0,,,近畿
2005,京都,16545.0,jikeiretsu_13,84057.0,gaikyo_old,2648.0,,,近畿
2005,大阪,43275.0,jikeiretsu_13,2413.0,gaikyo_old,8817.0,,,近畿
2005,兵庫,30084.0,jikeiretsu_13,149933.0,gaikyo_old,5591.0,,,近畿
2005,奈良,7130.0,jikeiretsu_13,3648.0,gaikyo_old,1421.0,,,近畿
2005,和歌山,7860.0,jikeiretsu_13,3905.0,gaikyo_old,1036.0,,,近畿
2005,鳥取,4987.0,jikeiretsu_13,972.0,gaikyo_old,607.0,,,中国
2005,島根,6241.0,jikeiretsu_13,2160.0,gaikyo_old,742.0,,,中国
2005,岡山,11593.0,jikeiretsu_13,5244.0,gaikyo_old,1957.0,,,中国
2005,広島,16205.0,jikeiretsu_13,12331.0,gaikyo_old,2877.0,,,中国
2005,山口,8412.0,jikeiretsu_13,1678.0,gaikyo_old,1493.0,,,中国
2005,徳島,4647.0,jikeiretsu_13,838.0,gaikyo_old,810.0,,,四国
2005,香川,5690.0,jikeiretsu_13,1870.0,gaikyo_old,1012.0,,,四国
2005,愛媛,7911.0,jikeiretsu_13,2518.0,gaikyo_old,1468.0,,,四国
2005,高知,6105.0,jikeiretsu_13,5393.0,gaikyo_old,796.0,,,四国
2005,福岡,22777.0,jikeiretsu_13,5469.0,gaikyo_old,5050.0,,,九州・沖縄
2005,佐賀,5708.0,jikeiretsu_13,4044.0,gaikyo_old,866.0,,,九州・沖縄
2005,長崎,7046.0,jikeiretsu_13,1041.0,gaikyo_old,1479.0,,,九州・沖縄
2005,熊本,4899.0,jikeiretsu_13,2577.0,gaikyo_old,1842.0,,,九州・沖縄
2005,大分,5122.0,jikeiretsu_13,4091.0,gaikyo_old,1210.0,,,九州・沖縄
2005,宮崎,2291.0,jikeiretsu_13,,,1153.0,,,九州・沖縄
2005,鹿児島,1413.0,jikeiretsu_13,,,1753.0,,,九州・沖縄
2005,沖縄,931.0,jikeiretsu_13,,,1362.0,,,九州・沖縄
2006,北海道,28327.0,jikeiretsu_13,5172.0,gaikyo_old,5603.6,,,北海道
2006,青森,9057.0,jikeiretsu_13,4128.0,gaikyo_old,1424.2,,,東北
2006,岩手,9345.0,jikeiretsu_13,4219.0,gaikyo_old,1374.0,,,東北
2006,宮城,14669.0,jikeiretsu_13,6572.0,gaikyo_old,2357.6,,,東北
2006,秋田,11468.0,jikeiretsu_13,18756.0,gaikyo_old,1134.0,,,東北
2006,山形,10100.0,jikeiretsu_13,9053.0,gaikyo_old,1206.6,,,東北
2006,福島,17540.0,jikeiretsu_13,13424.0,gaikyo_old,2078.6,,,東北
2006,茨城,17119.0,jikeiretsu_13,5010.0,gaikyo_old,2974.0,,,関東
2006,栃木,11661.0,jikeiretsu_13,6322.0,gaikyo_old,2015.2,,,関東
2006,群馬,11325.0,jikeiretsu_13,3260.0,gaikyo_old,2020.8,,,関東
2006,埼玉,31607.0,jikeiretsu_13,16418.0,gaikyo_old,7082.2,,,関東
2006,千葉,26329.0,jikeiretsu_13,2895.0,gaikyo_old,6088.0,,,関東
2006,東京,75863.0,jikeiretsu_13,2303.0,gaikyo_old,12693.4,,,関東
2006,神奈川,36400.0,jikeiretsu_13,989.0,gaikyo_old,8843.2,,,関東
2006,新潟,33582.0,jikeiretsu_13,41729.0,gaikyo_old,2419.6,,,中部
2006,富山,9553.0,jikeiretsu_13,7025.0,gaikyo_old,1108.2,,,中部
2006,石川,9841.0,jikeiretsu_13,6896.0,gaikyo_old,1173.2,,,中部
2006,福井,6062.0,jikeiretsu_13,2875.0,gaikyo_old,818.8,,,中部
2006,山梨,4945.0,jikeiretsu_13,1144.0,gaikyo_old,880.6,,,中部
2006,長野,17500.0,jikeiretsu_13,9803.0,gaikyo_old,2187.2,,,中部
2006,岐阜,12555.0,jikeiretsu_13,4479.0,gaikyo_old,2101.8,,,中部
2006,静岡,20578.0,jikeiretsu_13,3915.0,gaikyo_old,3786.6,,,中部
2006,愛知,31755.0,jikeiretsu_13,19478.0,gaikyo_old,7286.2,,,中部
2006,三重,9544.0,jikeiretsu_13,3242.0,gaikyo_old,1864.6,,,中部
2006,滋賀,7807.0,jikeiretsu_13,4069.0,gaikyo_old,1386.2,,,近畿
2006,京都,15764.0,jikeiretsu_13,89712.0,gaikyo_old,2645.6,,,近畿
2006,大阪,41606.0,jikeiretsu_13,3115.0,gaikyo_old,8826.6,,,近畿
2006,兵庫,27928.0,jikeiretsu_13,155311.0,gaikyo_old,5590.4,,,近畿
2006,奈良,7144.0,jikeiretsu_13,3847.0,gaikyo_old,1417.0,,,近畿
2006,和歌山,6691.0,jikeiretsu_13,4321.0,gaikyo_old,1029.2,,,近畿
2006,鳥取,4537.0,jikeiretsu_13,1058.0,gaikyo_old,603.4,,,中国
2006,島根,5889.0,jikeiretsu_13,2041.0,gaikyo_old,737.0,,,中国
2006,岡山,10830.0,jikeiretsu_13,5316.0,gaikyo_old,1954.6,,,中国
2006,広島,15397.0,jikeiretsu_13,13622.0,gaikyo_old,2873.8,,,中国
2006,山口,8165.0,jikeiretsu_13,1785.0,gaikyo_old,1484.6,,,中国
2006,徳島,4246.0,jikeiretsu_13,660.0,gaikyo_old,805.0,,,四国
2006,香川,5394.0,jikeiretsu_13,2267.0,gaikyo_old,1008.8,,,四国
2006,愛媛,7760.0,jikeiretsu_13,2599.0,gaikyo_old,1460.6,,,四国
2006,高知,5271.0,jikeiretsu_13,5917.0,gaikyo_old,789.6,,,四国
2006,福岡,21979.0,jikeiretsu_13,4848.0,gaikyo_old,5054.4,,,九州・沖縄
2006,佐賀,5316.0,jikeiretsu_13,4008.0,gaikyo_old,862.8,,,九州・沖縄
2006,長崎,6614.0,jikeiretsu_13,1080.0,gaikyo_old,1468.6,,,九州・沖縄
2006,熊本,4796.0,jikeiretsu_13,2532.0,gaikyo_old,1837.0,,,九州・沖縄
2006,大分,5147.0,jikeiretsu_13,4688.0,gaikyo_old,1207.4,,,九州・沖縄
2006,宮崎,1952.0,jikeiretsu_13,,,1149.4,,,九州・沖縄
2006,鹿児島,1445.0,jikeiretsu_13,,,1743.6,,,九州・沖縄
2006,沖縄,900.0,jikeiretsu_13,,,1368.2,,,九州・沖縄
2007,北海道,27005.0,jikeiretsu_13,5044.0,estat_nenpo,5579.2,,,北海道
2007,青森,8697.0,jikeiretsu_13,4256.0,estat_nenpo,1411.4,,,東北
2007,岩手,8998.0,jikeiretsu_13,4400.0,estat_nenpo,1363.0,,,東北
2007,宮城,14450.0,jikeiretsu_13,7169.0,estat_nenpo,2355.2,,,東北
2007,秋田,11020.0,jikeiretsu_13,17286.0,estat_nenpo,1122.0,,,東北
2007,山形,9644.0,jikeiretsu_13,8876.0,estat_nenpo,1197.2,,,東北
2007,福島,16558.0,jikeiretsu_13,14215.0,estat_nenpo,2066.2,,,東北
2007,茨城,16642.0,jikeiretsu_13,4744.0,estat_nenpo,2973.0,,,関東
2007,栃木,11395.0,jikeiretsu_13,7936.0,estat_nenpo,2013.4,,,関東
2007,群馬,10470.0,jikeiretsu_13,3076.0,estat_nenpo,2017.6,,,関東
2007,埼玉,31181.0,jikeiretsu_13,16911.0,estat_nenpo,7110.4,,,関東
2007,千葉,25991.0,jikeiretsu_13,7053.0,estat_nenpo,6120.0,,,関東
2007,東京,75880.0,jikeiretsu_13,1955.0,estat_nenpo,12809.8,,,関東
2007,神奈川,35444.0,jikeiretsu_13,962.0,estat_nenpo,8894.4,,,関東
2007,新潟,31341.0,jikeiretsu_13,41708.0,estat_nenpo,2408.2,,,中部
2007,富山,9332.0,jikeiretsu_13,7923.0,estat_nenpo,1104.4,,,中部
2007,石川,9303.0,jikeiretsu_13,6780.0,estat_nenpo,1172.4,,,中部
2007,福井,5643.0,jikeiretsu_13,2863.0,estat_nenpo,815.6,,,中部
2007,山梨,4610.0,jikeiretsu_13,10466.0,estat_nenpo,876.2,,,中部
2007,長野,16155.0,jikeiretsu_13,9048.0,estat_nenpo,2178.4,,,中部
2007,岐阜,12277.0,jikeiretsu_13,4463.0,estat_nenpo,2096.6,,,中部
2007,静岡,19829.0,jikeiretsu_13,3987.0,estat_nenpo,3781.2,,,中部
2007,愛知,30377.0,jikeiretsu_13,18443.0,estat_nenpo,7317.4,,,中部
2007,三重,9085.0,jikeiretsu_13,3269.0,estat_nenpo,1862.2,,,中部
2007,滋賀,7455.0,jikeiretsu_13,3893.0,estat_nenpo,1392.4,,,近畿
2007,京都,14740.0,jikeiretsu_13,76415.0,estat_nenpo,2643.2,,,近畿
2007,大阪,40309.0,jikeiretsu_13,1219.0,estat_nenpo,8836.2,,,近畿
2007,兵庫,28211.0,jikeiretsu_13,154109.0,estat_nenpo,5589.8,,,近畿
2007,奈良,7003.0,jikeiretsu_13,4986.0,estat_nenpo,1413.0,,,近畿
2007,和歌山,6461.0,jikeiretsu_13,3373.0,estat_nenpo,1022.4,,,近畿
2007,鳥取,4046.0,jikeiretsu_13,914.0,estat_nenpo,599.8,,,中国
2007,島根,5490.0,jikeiretsu_13,1943.0,estat_nenpo,732.0,,,中国
2007,岡山,10277.0,jikeiretsu_13,4994.0,estat_nenpo,1952.2,,,中国
2007,広島,14798.0,jikeiretsu_13,12782.0,estat_nenpo,2870.6,,,中国
2007,山口,7564.0,jikeiretsu_13,2246.0,estat_nenpo,1476.2,,,中国
2007,徳島,3975.0,jikeiretsu_13,460.0,estat_nenpo,800.0,,,四国
2007,香川,5201.0,jikeiretsu_13,1282.0,estat_nenpo,1005.6,,,四国
2007,愛媛,7521.0,jikeiretsu_13,2006.0,estat_nenpo,1453.2,,,四国
2007,高知,5128.0,jikeiretsu_13,5693.0,estat_nenpo,783.2,,,四国
2007,福岡,21063.0,jikeiretsu_13,4433.0,estat_nenpo,5058.8,,,九州・沖縄
2007,佐賀,4973.0,jikeiretsu_13,3604.0,estat_nenpo,859.6,,,九州・沖縄
2007,長崎,5896.0,jikeiretsu_13,1146.0,estat_nenpo,1458.2,,,九州・沖縄
2007,熊本,4315.0,jikeiretsu_13,2712.0,estat_nenpo,1832.0,,,九州・沖縄
2007,大分,4957.0,jikeiretsu_13,4316.0,estat_nenpo,1204.8,,,九州・沖縄
2007,宮崎,1953.0,jikeiretsu_13,,estat_nenpo,1145.8,,,九州・沖縄
2007,鹿児島,1451.0,jikeiretsu_13,,estat_nenpo,1734.2,,,九州・沖縄
2007,沖縄,895.0,jikeiretsu_13,,estat_nenpo,1374.4,,,九州・沖縄
2008,北海道,25845.0,jikeiretsu_13,4882.0,estat_nenpo,5554.8,,,北海道
2008,青森,8353.0,jikeiretsu_13,4243.0,estat_nenpo,1398.6,,,東北
2008,岩手,8642.0,jikeiretsu_13,4193.0,estat_nenpo,1352.0,,,東北
2008,宮城,14116.0,jikeiretsu_13,7230.0,estat_nenpo,2352.8,,,東北
2008,秋田,10328.0,jikeiretsu_13,15428.0,estat_nenpo,1110.0,,,東北
2008,山形,9122.0,jikeiretsu_13,8232.0,estat_nenpo,1187.8,,,東北
2008,福島,15614.0,jikeiretsu_13,14002.0,estat_nenpo,2053.8,,,東北
2008,茨城,15757.0,jikeiretsu_13,4623.0,estat_nenpo,2972.0,,,関東
2008,栃木,10104.0,jikeiretsu_13,7650.0,estat_nenpo,2011.6,,,関東
2008,群馬,10172.0,jikeiretsu_13,2994.0,estat_nenpo,2014.4,,,関東
2008,埼玉,28399.0,jikeiretsu_13,18204.0,estat_nenpo,7138.6,,,関東
2008,千葉,24889.0,jikeiretsu_13,6133.0,estat_nenpo,6152.0,,,関東
2008,東京,71514.0,jikeiretsu_13,1953.0,estat_nenpo,12926.2,,,関東
2008,神奈川,33188.0,jikeiretsu_13,909.0,estat_nenpo,8945.6,,,関東
2008,新潟,29507.0,jikeiretsu_13,40904.0,estat_nenpo,2396.8,,,中部
2008,富山,8829.0,jikeiretsu_13,6306.0,estat_nenpo,1100.6,,,中部
2008,石川,9120.0,jikeiretsu_13,5826.0,estat_nenpo,1171.6,,,中部
2008,福井,5462.0,jikeiretsu_13,2611.0,estat_nenpo,812.4,,,中部
2008,山梨,4479.0,jikeiretsu_13,12307.0,estat_nenpo,871.8,,,中部
2008,長野,16494.0,jikeiretsu_13,8812.0,estat_nenpo,2169.6,,,中部
2008,岐阜,11714.0,jikeiretsu_13,4391.0,estat_nenpo,2091.4,,,中部
2008,静岡,19130.0,jikeiretsu_13,3887.0,estat_nenpo,3775.8,,,中部
2008,愛知,29600.0,jikeiretsu_13,17643.0,estat_nenpo,7348.6,,,中部
2008,三重,8465.0,jikeiretsu_13,3039.0,estat_nenpo,1859.8,,,中部
2008,滋賀,7226.0,jikeiretsu_13,3640.0,estat_nenpo,1398.6,,,近畿
2008,京都,13789.0,jikeiretsu_13,74529.0,estat_nenpo,2640.8,,,近畿
2008,大阪,38776.0,jikeiretsu_13,1166.0,estat_nenpo,8845.8,,,近畿
2008,兵庫,25673.0,jikeiretsu_13,151019.0,estat_nenpo,5589.2,,,近畿
2008,奈良,6681.0,jikeiretsu_13,4303.0,estat_nenpo,1409.0,,,近畿
2008,和歌山,5892.0,jikeiretsu_13,3501.0,estat_nenpo,1015.6,,,近畿
2008,鳥取,3962.0,jikeiretsu_13,931.0,estat_nenpo,596.2,,,中国
2008,島根,5252.0,jikeiretsu_13,1895.0,estat_nenpo,727.0,,,中国
2008,岡山,9849.0,jikeiretsu_13,4291.0,estat_nenpo,1949.8,,,中国
2008,広島,14289.0,jikeiretsu_13,11592.0,estat_nenpo,2867.4,,,中国
2008,山口,7074.0,jikeiretsu_13,1923.0,estat_nenpo,1467.8,,,中国
2008,徳島,3769.0,jikeiretsu_13,474.0,estat_nenpo,795.0,,,四国
2008,香川,5025.0,jikeiretsu_13,1204.0,estat_nenpo,1002.4,,,四国
2008,愛媛,7518.0,jikeiretsu_13,2136.0,estat_nenpo,1445.8,,,四国
2008,高知,4898.0,jikeiretsu_13,5316.0,estat_nenpo,776.8,,,四国
2008,福岡,20041.0,jikeiretsu_13,3569.0,estat_nenpo,5063.2,,,九州・沖縄
2008,佐賀,4701.0,jikeiretsu_13,3430.0,estat_nenpo,856.4,,,九州・沖縄
2008,長崎,5784.0,jikeiretsu_13,616.0,estat_nenpo,1447.8,,,九州・沖縄
2008,熊本,4422.0,jikeiretsu_13,2108.0,estat_nenpo,1827.0,,,九州・沖縄
2008,大分,4778.0,jikeiretsu_13,3718.0,estat_nenpo,1202.2,,,九州・沖縄
2008,宮崎,1870.0,jikeiretsu_13,,estat_nenpo,1142.2,,,九州・沖縄
2008,鹿児島,1409.0,jikeiretsu_13,,estat_nenpo,1724.8,,,九州・沖縄
2008,沖縄,766.0,jikeiretsu_13,,estat_nenpo,1380.6,,,九州・沖縄
2009,北海道,25225.0,jikeiretsu_13,4581.0,estat_nenpo,5530.4,,,北海道
2009,青森,8186.0,jikeiretsu_13,4087.0,estat_nenpo,1385.8,,,東北
2009,岩手,8582.0,jikeiretsu_13,4001.0,estat_nenpo,1341.0,,,東北
2009,宮城,13360.0,jikeiretsu_13,6696.0,estat_nenpo,2350.4,,,東北
2009,秋田,9991.0,jikeiretsu_13,15564.0,estat_nenpo,1098.0,,,東北
2009,山形,8871.0,jikeiretsu_13,7989.085,estat_nenpo,1178.4,,,東北
2009,福島,14973.0,jikeiretsu_13,13655.0,estat_nenpo,2041.4,,,東北
2009,茨城,14974.0,jikeiretsu_13,4090.0,estat_nenpo,2971.0,,,関東
2009,栃木,10231.0,jikeiretsu_13,6799.417,estat_nenpo,2009.8,,,関東
2009,群馬,9724.0,jikeiretsu_13,2770.0,estat_nenpo,2011.2,,,関東
2009,埼玉,28526.0,jikeiretsu_13,18657.0,estat_nenpo,7166.8,,,関東
2009,千葉,24631.0,jikeiretsu_13,6540.0,estat_nenpo,6184.0,,,関東
2009,東京,71096.0,jikeiretsu_13,1643.0,estat_nenpo,13042.6,,,関東
2009,神奈川,32815.0,jikeiretsu_13,662.0,estat_nenpo,8996.8,,,関東
2009,新潟,28828.528,jikeiretsu_13,36284.701,estat_nenpo,2385.4,,,中部
2009,富山,8418.0,jikeiretsu_13,6197.0,estat_nenpo,1096.8,,,中部
2009,石川,8686.0,jikeiretsu_13,5449.0,estat_nenpo,1170.8,,,中部
2009,福井,5195.0,jikeiretsu_13,2546.0,estat_nenpo,809.2,,,中部
2009,山梨,4429.0,jikeiretsu_13,11618.0,estat_nenpo,867.4,,,中部
2009,長野,15636.0,jikeiretsu_13,8704.0,estat_nenpo,2160.8,,,中部
2009,岐阜,11246.0,jikeiretsu_13,3983.0,estat_nenpo,2086.2,,,中部
2009,静岡,18161.0,jikeiretsu_13,3828.0,estat_nenpo,3770.4,,,中部
2009,愛知,27778.0,jikeiretsu_13,17776.0,estat_nenpo,7379.8,,,中部
2009,三重,8360.0,jikeiretsu_13,2510.0,estat_nenpo,1857.4,,,中部
2009,滋賀,7190.0,jikeiretsu_13,3635.0,estat_nenpo,1404.8,,,近畿
2009,京都,13809.0,jikeiretsu_13,75397.0,estat_nenpo,2638.4,,,近畿
2009,大阪,37318.0,jikeiretsu_13,1023.0,estat_nenpo,8855.4,,,近畿
2009,兵庫,25593.0,jikeiretsu_13,143543.0,estat_nenpo,5588.6,,,近畿
2009,奈良,6919.0,jikeiretsu_13,4401.0,estat_nenpo,1405.0,,,近畿
2009,和歌山,5697.0,jikeiretsu_13,3293.0,estat_nenpo,1008.8,,,近畿
2009,鳥取,4149.0,jikeiretsu_13,941.0,estat_nenpo,592.6,,,中国
2009,島根,5113.0,jikeiretsu_13,1812.0,estat_nenpo,722.0,,,中国
2009,岡山,9536.0,jikeiretsu_13,3846.0,estat_nenpo,1947.4,,,中国
2009,広島,13649.0,jikeiretsu_13,10268.0,estat_nenpo,2864.2,,,中国
2009,山口,7075.0,jikeiretsu_13,1990.0,estat_nenpo,1459.4,,,中国
2009,徳島,3801.0,jikeiretsu_13,512.0,estat_nenpo,790.0,,,四国
2009,香川,4734.0,jikeiretsu_13,1226.0,estat_nenpo,999.2,,,四国
2009,愛媛,6933.0,jikeiretsu_13,1780.2,estat_nenpo,1438.4,,,四国
2009,高知,4736.0,jikeiretsu_13,5016.0,estat_nenpo,770.4,,,四国
2009,福岡,19881.0,jikeiretsu_13,3913.0,estat_nenpo,5067.6,,,九州・沖縄
2009,佐賀,4549.0,jikeiretsu_13,3143.0,estat_nenpo,853.2,,,九州・沖縄
2009,長崎,5812.0,jikeiretsu_13,1006.0,estat_nenpo,1437.4,,,九州・沖縄
2009,熊本,4303.0,jikeiretsu_13,,estat_nenpo,1822.0,,,九州・沖縄
2009,大分,4621.0,jikeiretsu_13,3658.0,estat_nenpo,1199.6,,,九州・沖縄
2009,宮崎,1822.0,jikeiretsu_13,,estat_nenpo,1138.6,,,九州・沖縄
2009,鹿児島,1367.0,jikeiretsu_13,,estat_nenpo,1715.4,,,九州・沖縄
2009,沖縄,1016.0,jikeiretsu_13,,estat_nenpo,1386.8,,,九州・沖縄
2010,北海道,24053.0,jikeiretsu_13,,estat_nenpo,5506.0,,,北海道
2010,青森,7900.0,jikeiretsu_13,3912.0,estat_nenpo,1373.0,,,東北
2010,岩手,7346.0,jikeiretsu_13,3622.0,estat_nenpo,1330.0,,,東北
2010,宮城,11479.0,jikeiretsu_13,6159.0,estat_nenpo,2348.0,,,東北
2010,秋田,9218.0,jikeiretsu_13,14990.0,estat_nenpo,1086.0,,,東北
2010,山形,8146.0,jikeiretsu_13,8096.0,estat_nenpo,1169.0,,,東北
2010,福島,11820.0,jikeiretsu_13,12076.0,estat_nenpo,2029.0,,,東北
2010,茨城,12980.0,jikeiretsu_13,3719.0,estat_nenpo,2970.0,,,関東
2010,栃木,10474.0,jikeiretsu_13,7311.0,estat_nenpo,2008.0,,,関東
2010,群馬,9367.0,jikeiretsu_13,2856.0,estat_nenpo,2008.0,,,関東
2010,埼玉,27502.0,jikeiretsu_13,17178.0,estat_nenpo,7195.0,,,関東
2010,千葉,24596.0,jikeiretsu_13,6353.0,estat_nenpo,6216.0,,,関東
2010,東京,68497.0,jikeiretsu_13,1473.0,estat_nenpo,13159.0,,,関東
2010,神奈川,32432.0,jikeiretsu_13,786.0,estat_nenpo,9048.0,,,関東
2010,新潟,27960.0,jikeiretsu_13,35826.0,estat_nenpo,2374.0,,,中部
2010,富山,7872.0,jikeiretsu_13,5622.0,estat_nenpo,1093.0,,,中部
2010,石川,8268.0,jikeiretsu_13,5454.0,estat_nenpo,1170.0,,,中部
2010,福井,4867.0,jikeiretsu_13,2481.0,estat_nenpo,806.0,,,中部
2010,山梨,4296.0,jikeiretsu_13,11977.0,estat_nenpo,863.0,,,中部
2010,長野,15819.0,jikeiretsu_13,8260.0,estat_nenpo,2152.0,,,中部
2010,岐阜,10818.0,jikeiretsu_13,3911.0,estat_nenpo,2081.0,,,中部
2010,静岡,17916.0,jikeiretsu_13,3760.0,estat_nenpo,3765.0,,,中部
2010,愛知,26563.0,jikeiretsu_13,15850.0,estat_nenpo,7411.0,,,中部
2010,三重,8093.0,jikeiretsu_13,1938.0,estat_nenpo,1855.0,,,中部
2010,滋賀,6144.0,jikeiretsu_13,3126.0,estat_nenpo,1411.0,,,近畿
2010,京都,13203.0,jikeiretsu_13,71554.0,estat_nenpo,2636.0,,,近畿
2010,大阪,35876.0,jikeiretsu_13,1058.0,estat_nenpo,8865.0,,,近畿
2010,兵庫,24117.0,jikeiretsu_13,138846.0,estat_nenpo,5588.0,,,近畿
2010,奈良,7109.0,jikeiretsu_13,4368.0,estat_nenpo,1401.0,,,近畿
2010,和歌山,5646.0,jikeiretsu_13,2280.0,estat_nenpo,1002.0,,,近畿
2010,鳥取,3949.0,jikeiretsu_13,860.0,estat_nenpo,589.0,,,中国
2010,島根,4926.0,jikeiretsu_13,1818.0,estat_nenpo,717.0,,,中国
2010,岡山,9000.0,jikeiretsu_13,3395.0,estat_nenpo,1945.0,,,中国
2010,広島,13213.0,jikeiretsu_13,10046.0,estat_nenpo,2861.0,,,中国
2010,山口,6566.0,jikeiretsu_13,2392.0,estat_nenpo,1451.0,,,中国
2010,徳島,3710.0,jikeiretsu_13,404.0,estat_nenpo,785.0,,,四国
2010,香川,4563.0,jikeiretsu_13,1176.0,estat_nenpo,996.0,,,四国
2010,愛媛,6677.0,jikeiretsu_13,1789.0,estat_nenpo,1431.0,,,四国
2010,高知,4458.0,jikeiretsu_13,4461.0,estat_nenpo,764.0,,,四国
2010,福岡,19575.0,jikeiretsu_13,3380.0,estat_nenpo,5072.0,,,九州・沖縄
2010,佐賀,4593.0,jikeiretsu_13,3144.0,estat_nenpo,850.0,,,九州・沖縄
2010,長崎,5568.0,jikeiretsu_13,899.0,estat_nenpo,1427.0,,,九州・沖縄
2010,熊本,4226.0,jikeiretsu_13,,estat_nenpo,1817.0,,,九州・沖縄
2010,大分,4464.0,jikeiretsu_13,3322.0,estat_nenpo,1197.0,,,九州・沖縄
2010,宮崎,1844.0,jikeiretsu_13,,estat_nenpo,1135.0,,,九州・沖縄
2010,鹿児島,1379.0,jikeiretsu_13,,estat_nenpo,1706.0,,,九州・沖縄
2010,沖縄,1290.0,jikeiretsu_13,,estat_nenpo,1393.0,,,九州・沖縄
2011,北海道,24539.0,jikeiretsu_13,4588.0,estat_nenpo,5481.2,,,北海道
2011,青森,7760.0,jikeiretsu_13,3494.0,estat_nenpo,1360.0,,,東北
2011,岩手,8028.0,jikeiretsu_13,4217.0,estat_nenpo,1320.0,,,東北
2011,宮城,12743.0,jikeiretsu_13,6930.0,estat_nenpo,2345.2,,,東北
2011,秋田,9174.0,jikeiretsu_13,16499.0,estat_nenpo,1073.4,,,東北
2011,山形,8264.0,jikeiretsu_13,8059.0,estat_nenpo,1160.0,,,東北
2011,福島,13559.0,jikeiretsu_13,12268.0,estat_nenpo,2006.0,,,東北
2011,茨城,14165.0,jikeiretsu_13,3864.0,estat_nenpo,2959.4,,,関東
2011,栃木,9579.0,jikeiretsu_13,6795.0,estat_nenpo,2001.2,,,関東
2011,群馬,9358.0,jikeiretsu_13,2726.0,estat_nenpo,2001.0,,,関東
2011,埼玉,30113.0,jikeiretsu_13,14847.0,estat_nenpo,7209.4,,,関東
2011,千葉,25145.0,jikeiretsu_13,6142.0,estat_nenpo,6217.4,,,関東
2011,東京,71424.0,jikeiretsu_13,1429.0,estat_nenpo,13230.2,,,関東
2011,神奈川,34268.0,jikeiretsu_13,755.0,estat_nenpo,9063.6,,,関東
2011,新潟,27972.0,jikeiretsu_13,35871.0,estat_nenpo,2360.0,,,中部
2011,富山,7601.0,jikeiretsu_13,5109.0,estat_nenpo,1087.6,,,中部
2011,石川,8187.0,jikeiretsu_13,5424.0,estat_nenpo,1166.8,,,中部
2011,福井,4899.0,jikeiretsu_13,2299.0,estat_nenpo,802.2,,,中部
2011,山梨,6163.0,jikeiretsu_13,9700.0,estat_nenpo,857.4,,,中部
2011,長野,14959.0,jikeiretsu_13,8002.0,estat_nenpo,2141.4,,,中部
2011,岐阜,10629.0,jikeiretsu_13,3658.0,estat_nenpo,2071.2,,,中部
2011,静岡,17380.0,jikeiretsu_13,3427.0,estat_nenpo,3752.0,,,中部
2011,愛知,26997.0,jikeiretsu_13,16207.0,estat_nenpo,7425.4,,,中部
2011,三重,7962.0,jikeiretsu_13,2199.0,estat_nenpo,1847.2,,,中部
2011,滋賀,6812.0,jikeiretsu_13,3558.0,estat_nenpo,1411.4,,,近畿
2011,京都,13430.0,jikeiretsu_13,73823.0,estat_nenpo,2630.8,,,近畿
2011,大阪,36043.0,jikeiretsu_13,993.0,estat_nenpo,8859.8,,,近畿
2011,兵庫,25013.0,jikeiretsu_13,134091.0,estat_nenpo,5577.4,,,近畿
2011,奈良,6386.0,jikeiretsu_13,3953.0,estat_nenpo,1393.6,,,近畿
2011,和歌山,5127.0,jikeiretsu_13,2312.0,estat_nenpo,994.4,,,近畿
2011,鳥取,3775.0,jikeiretsu_13,881.0,estat_nenpo,585.8,,,中国
2011,島根,4802.0,jikeiretsu_13,1787.0,estat_nenpo,712.4,,,中国
2011,岡山,8768.0,jikeiretsu_13,2918.0,estat_nenpo,1940.4,,,中国
2011,広島,13333.0,jikeiretsu_13,9708.0,estat_nenpo,2857.6,,,中国
2011,山口,6609.0,jikeiretsu_13,2586.0,estat_nenpo,1441.8,,,中国
2011,徳島,3596.0,jikeiretsu_13,501.0,estat_nenpo,779.2,,,四国
2011,香川,4478.0,jikeiretsu_13,1036.0,estat_nenpo,992.0,,,四国
2011,愛媛,6569.0,jikeiretsu_13,1776.0,estat_nenpo,1421.8,,,四国
2011,高知,4138.0,jikeiretsu_13,4666.0,estat_nenpo,756.8,,,四国
2011,福岡,19527.0,jikeiretsu_13,3385.0,estat_nenpo,5078.0,,,九州・沖縄
2011,佐賀,4502.0,jikeiretsu_13,2357.0,estat_nenpo,846.6,,,九州・沖縄
2011,長崎,5527.0,jikeiretsu_13,817.0,estat_nenpo,1417.0,,,九州・沖縄
2011,熊本,4191.0,jikeiretsu_13,1305.0,estat_nenpo,1810.8,,,九州・沖縄
2011,大分,4392.0,jikeiretsu_13,3383.0,estat_nenpo,1190.8,,,九州・沖縄
2011,宮崎,1921.0,jikeiretsu_13,,estat_nenpo,1128.8,,,九州・沖縄
2011,鹿児島,1531.0,jikeiretsu_13,,estat_nenpo,1694.4,,,九州・沖縄
2011,沖縄,1159.0,jikeiretsu_13,,estat_nenpo,1401.2,,,九州・沖縄
2012,北海道,23996.0,jikeiretsu_13,4278.0,estat_nenpo,5456.4,,,北海道
2012,青森,7545.0,jikeiretsu_13,4092.0,estat_nenpo,1347.0,,,東北
2012,岩手,7804.0,jikeiretsu_13,4356.0,estat_nenpo,1310.0,,,東北
2012,宮城,14443.0,jikeiretsu_13,8071.0,estat_nenpo,2342.4,,,東北
2012,秋田,8669.0,jikeiretsu_13,15459.0,estat_nenpo,1060.8,,,東北
2012,山形,8239.0,jikeiretsu_13,8473.0,estat_nenpo,1151.0,,,東北
2012,福島,13303.0,jikeiretsu_13,10970.0,estat_nenpo,1983.0,,,東北
2012,茨城,14533.0,jikeiretsu_13,3625.0,estat_nenpo,2948.8,,,関東
2012,栃木,9800.0,jikeiretsu_13,7496.0,estat_nenpo,1994.4,,,関東
2012,群馬,9245.0,jikeiretsu_13,2811.0,estat_nenpo,1994.0,,,関東
2012,埼玉,28490.0,jikeiretsu_13,13958.0,estat_nenpo,7223.8,,,関東
2012,千葉,24936.0,jikeiretsu_13,6405.0,estat_nenpo,6218.8,,,関東
2012,東京,75049.0,jikeiretsu_13,1489.0,estat_nenpo,13301.4,,,関東
2012,神奈川,30813.0,jikeiretsu_13,744.0,estat_nenpo,9079.2,,,関東
2012,新潟,28245.0,jikeiretsu_13,38547.0,estat_nenpo,2346.0,,,中部
2012,富山,7385.0,jikeiretsu_13,4996.0,estat_nenpo,1082.2,,,中部
2012,石川,7762.0,jikeiretsu_13,5284.0,estat_nenpo,1163.6,,,中部
2012,福井,4827.0,jikeiretsu_13,2614.0,estat_nenpo,798.4,,,中部
2012,山梨,3997.0,jikeiretsu_13,9856.0,estat_nenpo,851.8,,,中部
2012,長野,14276.0,jikeiretsu_13,8035.0,estat_nenpo,2130.8,,,中部
2012,岐阜,10158.0,jikeiretsu_13,3831.0,estat_nenpo,2061.4,,,中部
2012,静岡,16717.0,jikeiretsu_13,3632.0,estat_nenpo,3739.0,,,中部
2012,愛知,26111.0,jikeiretsu_13,15451.0,estat_nenpo,7439.8,,,中部
2012,三重,7778.0,jikeiretsu_13,2026.0,estat_nenpo,1839.4,,,中部
2012,滋賀,6547.0,jikeiretsu_13,3377.0,estat_nenpo,1411.8,,,近畿
2012,京都,13457.0,jikeiretsu_13,72324.0,estat_nenpo,2625.6,,,近畿
2012,大阪,35953.0,jikeiretsu_13,897.0,estat_nenpo,8854.6,,,近畿
2012,兵庫,24626.0,jikeiretsu_13,132222.0,estat_nenpo,5566.8,,,近畿
2012,奈良,6273.0,jikeiretsu_13,3596.0,estat_nenpo,1386.2,,,近畿
2012,和歌山,5731.0,jikeiretsu_13,2060.0,estat_nenpo,986.8,,,近畿
2012,鳥取,3496.0,jikeiretsu_13,773.0,estat_nenpo,582.6,,,中国
2012,島根,4831.0,jikeiretsu_13,1799.0,estat_nenpo,707.8,,,中国
2012,岡山,8483.0,jikeiretsu_13,2393.0,estat_nenpo,1935.8,,,中国
2012,広島,12967.0,jikeiretsu_13,10405.0,estat_nenpo,2854.2,,,中国
2012,山口,6564.0,jikeiretsu_13,3399.0,estat_nenpo,1432.6,,,中国
2012,徳島,3410.0,jikeiretsu_13,431.0,estat_nenpo,773.4,,,四国
2012,香川,4374.0,jikeiretsu_13,1176.0,estat_nenpo,988.0,,,四国
2012,愛媛,6305.0,jikeiretsu_13,1742.0,estat_nenpo,1412.6,,,四国
2012,高知,4107.0,jikeiretsu_13,4606.0,estat_nenpo,749.6,,,四国
2012,福岡,19185.0,jikeiretsu_13,3449.0,estat_nenpo,5084.0,,,九州・沖縄
2012,佐賀,4369.0,jikeiretsu_13,2369.0,estat_nenpo,843.2,,,九州・沖縄
2012,長崎,5271.0,jikeiretsu_13,838.0,estat_nenpo,1407.0,,,九州・沖縄
2012,熊本,4215.0,jikeiretsu_13,1128.0,estat_nenpo,1804.6,,,九州・沖縄
2012,大分,4761.0,jikeiretsu_13,2974.0,estat_nenpo,1184.6,,,九州・沖縄
2012,宮崎,2012.0,jikeiretsu_13,,estat_nenpo,1122.6,,,九州・沖縄
2012,鹿児島,1603.0,jikeiretsu_13,,estat_nenpo,1682.8,,,九州・沖縄
2012,沖縄,1186.0,jikeiretsu_13,,estat_nenpo,1409.4,,,九州・沖縄
2013,北海道,24837.0,jikeiretsu_13,4410.0,estat_nenpo,5431.6,,,北海道
2013,青森,7479.0,jikeiretsu_13,3880.0,estat_nenpo,1334.0,,,東北
2013,岩手,7993.0,jikeiretsu_13,4214.0,estat_nenpo,1300.0,,,東北
2013,宮城,13549.0,jikeiretsu_13,7762.0,estat_nenpo,2339.6,,,東北
2013,秋田,8665.0,jikeiretsu_13,16249.0,estat_nenpo,1048.2,,,東北
2013,山形,8182.0,jikeiretsu_13,8686.0,estat_nenpo,1142.0,,,東北
2013,福島,13521.0,jikeiretsu_13,12200.0,estat_nenpo,1960.0,,,東北
2013,茨城,13765.0,jikeiretsu_13,3985.0,estat_nenpo,2938.2,,,関東
2013,栃木,9317.0,jikeiretsu_13,7760.0,estat_nenpo,1987.6,,,関東
2013,群馬,9677.0,jikeiretsu_13,2818.0,estat_nenpo,1987.0,,,関東
2013,埼玉,27076.0,jikeiretsu_13,16862.0,estat_nenpo,7238.2,,,関東
2013,千葉,24305.0,jikeiretsu_13,6366.0,estat_nenpo,6220.2,,,関東
2013,東京,68265.0,jikeiretsu_13,1653.0,estat_nenpo,13372.6,,,関東
2013,神奈川,33206.0,jikeiretsu_13,758.0,estat_nenpo,9094.8,,,関東
2013,新潟,25665.0,jikeiretsu_13,39071.0,estat_nenpo,2332.0,,,中部
2013,富山,7342.0,jikeiretsu_13,5293.0,estat_nenpo,1076.8,,,中部
2013,石川,7780.0,jikeiretsu_13,5521.0,estat_nenpo,1160.4,,,中部
2013,福井,4730.0,jikeiretsu_13,2748.0,estat_nenpo,794.6,,,中部
2013,山梨,3809.0,jikeiretsu_13,9281.0,estat_nenpo,846.2,,,中部
2013,長野,14161.0,jikeiretsu_13,8227.0,estat_nenpo,2120.2,,,中部
2013,岐阜,10397.0,jikeiretsu_13,3858.0,estat_nenpo,2051.6,,,中部
2013,静岡,16316.0,jikeiretsu_13,3762.0,estat_nenpo,3726.0,,,中部
2013,愛知,25761.0,jikeiretsu_13,14045.0,estat_nenpo,7454.2,,,中部
2013,三重,8136.0,jikeiretsu_13,2022.0,estat_nenpo,1831.6,,,中部
2013,滋賀,6418.0,jikeiretsu_13,3675.0,estat_nenpo,1412.2,,,近畿
2013,京都,13486.0,jikeiretsu_13,73178.0,estat_nenpo,2620.4,,,近畿
2013,大阪,35652.0,jikeiretsu_13,906.0,estat_nenpo,8849.4,,,近畿
2013,兵庫,24615.0,jikeiretsu_13,130349.0,estat_nenpo,5556.2,,,近畿
2013,奈良,6162.0,jikeiretsu_13,3751.0,estat_nenpo,1378.8,,,近畿
2013,和歌山,5201.0,jikeiretsu_13,2192.0,estat_nenpo,979.2,,,近畿
2013,鳥取,3484.0,jikeiretsu_13,716.0,estat_nenpo,579.4,,,中国
2013,島根,4671.0,jikeiretsu_13,1809.0,estat_nenpo,703.2,,,中国
2013,岡山,8636.0,jikeiretsu_13,2685.0,estat_nenpo,1931.2,,,中国
2013,広島,12851.0,jikeiretsu_13,9695.0,estat_nenpo,2850.8,,,中国
2013,山口,6360.0,jikeiretsu_13,3722.0,estat_nenpo,1423.4,,,中国
2013,徳島,3451.0,jikeiretsu_13,433.0,estat_nenpo,767.6,,,四国
2013,香川,4316.0,jikeiretsu_13,1162.0,estat_nenpo,984.0,,,四国
2013,愛媛,6288.0,jikeiretsu_13,1880.0,estat_nenpo,1403.4,,,四国
2013,高知,3990.0,jikeiretsu_13,4886.0,estat_nenpo,742.4,,,四国
2013,福岡,19201.0,jikeiretsu_13,4202.0,estat_nenpo,5090.0,,,九州・沖縄
2013,佐賀,4324.0,jikeiretsu_13,2413.0,estat_nenpo,839.8,,,九州・沖縄
2013,長崎,5309.0,jikeiretsu_13,935.0,estat_nenpo,1397.0,,,九州・沖縄
2013,熊本,4581.0,jikeiretsu_13,1051.0,estat_nenpo,1798.4,,,九州・沖縄
2013,大分,4235.0,jikeiretsu_13,2941.0,estat_nenpo,1178.4,,,九州・沖縄
2013,宮崎,2065.0,jikeiretsu_13,,estat_nenpo,1116.4,,,九州・沖縄
2013,鹿児島,1704.0,jikeiretsu_13,,estat_nenpo,1671.2,,,九州・沖縄
2013,沖縄,1211.0,jikeiretsu_13,,estat_nenpo,1417.6,,,九州・沖縄
2014,北海道,22965.0,jikeiretsu_13,4499.0,estat_nenpo,5406.8,,,北海道
2014,青森,7040.0,jikeiretsu_13,3840.0,estat_nenpo,1321.0,,,東北
2014,岩手,7442.0,jikeiretsu_13,4005.0,estat_nenpo,1290.0,,,東北
2014,宮城,12647.0,jikeiretsu_13,7892.0,estat_nenpo,2336.8,,,東北
2014,秋田,8212.0,jikeiretsu_13,17569.0,estat_nenpo,1035.6,,,東北
2014,山形,7458.0,jikeiretsu_13,9379.0,estat_nenpo,1133.0,,,東北
2014,福島,12789.0,jikeiretsu_13,13357.0,estat_nenpo,1937.0,,,東北
2014,茨城,13172.0,jikeiretsu_13,3774.0,estat_nenpo,2927.6,,,関東
2014,栃木,8683.0,jikeiretsu_13,7995.0,estat_nenpo,1980.8,,,関東
2014,群馬,8556.0,jikeiretsu_13,2859.0,estat_nenpo,1980.0,,,関東
2014,埼玉,26178.0,jikeiretsu_13,18139.0,estat_nenpo,7252.6,,,関東
2014,千葉,23075.0,jikeiretsu_13,6239.0,estat_nenpo,6221.6,,,関東
2014,東京,69694.0,jikeiretsu_13,1712.0,estat_nenpo,13443.8,,,関東
2014,神奈川,31133.0,jikeiretsu_13,943.0,estat_nenpo,9110.4,,,関東
2014,新潟,23851.0,jikeiretsu_13,38788.0,estat_nenpo,2318.0,,,中部
2014,富山,7087.0,jikeiretsu_13,4821.0,estat_nenpo,1071.4,,,中部
2014,石川,7528.0,jikeiretsu_13,6518.0,estat_nenpo,1157.2,,,中部
2014,福井,4780.0,jikeiretsu_13,2995.0,estat_nenpo,790.8,,,中部
2014,山梨,3745.0,jikeiretsu_13,9928.0,estat_nenpo,840.6,,,中部
2014,長野,13582.0,jikeiretsu_13,8562.0,estat_nenpo,2109.6,,,中部
2014,岐阜,9779.0,jikeiretsu_13,3836.0,estat_nenpo,2041.8,,,中部
2014,静岡,15448.0,jikeiretsu_13,4112.0,estat_nenpo,3713.0,,,中部
2014,愛知,24412.0,jikeiretsu_13,13976.0,estat_nenpo,7468.6,,,中部
2014,三重,8411.0,jikeiretsu_13,2170.0,estat_nenpo,1823.8,,,中部
2014,滋賀,6370.0,jikeiretsu_13,3754.0,estat_nenpo,1412.6,,,近畿
2014,京都,13686.0,jikeiretsu_13,71766.0,estat_nenpo,2615.2,,,近畿
2014,大阪,33493.0,jikeiretsu_13,850.0,estat_nenpo,8844.2,,,近畿
2014,兵庫,23504.0,jikeiretsu_13,126548.0,estat_nenpo,5545.6,,,近畿
2014,奈良,5767.0,jikeiretsu_13,3703.0,estat_nenpo,1371.4,,,近畿
2014,和歌山,4931.0,jikeiretsu_13,2422.0,estat_nenpo,971.6,,,近畿
2014,鳥取,3482.0,jikeiretsu_13,667.0,estat_nenpo,576.2,,,中国
2014,島根,4344.0,jikeiretsu_13,1909.0,estat_nenpo,698.6,,,中国
2014,岡山,7812.0,jikeiretsu_13,2550.0,estat_nenpo,1926.6,,,中国
2014,広島,12440.0,jikeiretsu_13,10244.0,estat_nenpo,2847.4,,,中国
2014,山口,6328.0,jikeiretsu_13,4194.0,estat_nenpo,1414.2,,,中国
2014,徳島,3077.0,jikeiretsu_13,477.0,estat_nenpo,761.8,,,四国
2014,香川,4042.0,jikeiretsu_13,1200.0,estat_nenpo,980.0,,,四国
2014,愛媛,5976.0,jikeiretsu_13,1936.0,estat_nenpo,1394.2,,,四国
2014,高知,3724.0,jikeiretsu_13,5153.0,estat_nenpo,735.2,,,四国
2014,福岡,19068.0,jikeiretsu_13,4618.0,estat_nenpo,5096.0,,,九州・沖縄
2014,佐賀,4184.0,jikeiretsu_13,2512.0,estat_nenpo,836.4,,,九州・沖縄
2014,長崎,5126.0,jikeiretsu_13,879.0,estat_nenpo,1387.0,,,九州・沖縄
2014,熊本,4251.0,jikeiretsu_13,1104.0,estat_nenpo,1792.2,,,九州・沖縄
2014,大分,4269.0,jikeiretsu_13,2903.0,estat_nenpo,1172.2,,,九州・沖縄
2014,宮崎,2087.0,jikeiretsu_13,,estat_nenpo,1110.2,,,九州・沖縄
2014,鹿児島,1807.0,jikeiretsu_13,,estat_nenpo,1659.6,,,九州・沖縄
2014,沖縄,1138.0,jikeiretsu_13,,estat_nenpo,1425.8,,,九州・沖縄
2015,北海道,22928.0,jikeiretsu_13,3420.0,estat_nenpo,5382.0,,,北海道
2015,青森,6910.0,jikeiretsu_13,4361.0,estat_nenpo,1308.0,,,東北
2015,岩手,7417.0,jikeiretsu_13,3933.0,estat_nenpo,1280.0,,,東北
2015,宮城,12197.0,jikeiretsu_13,7934.0,estat_nenpo,2334.0,,,東北
2015,秋田,8006.0,jikeiretsu_13,17800.0,estat_nenpo,1023.0,,,東北
2015,山形,7447.0,jikeiretsu_13,9173.0,estat_nenpo,1124.0,,,東北
2015,福島,12725.0,jikeiretsu_13,12473.0,estat_nenpo,1914.0,,,東北
2015,茨城,12862.0,jikeiretsu_13,3161.0,estat_nenpo,2917.0,,,関東
2015,栃木,9083.0,jikeiretsu_13,8063.0,estat_nenpo,1974.0,,,関東
2015,群馬,8274.0,jikeiretsu_13,2992.0,estat_nenpo,1973.0,,,関東
2015,埼玉,25692.0,jikeiretsu_13,16212.0,estat_nenpo,7267.0,,,関東
2015,千葉,23270.0,jikeiretsu_13,5918.0,estat_nenpo,6223.0,,,関東
2015,東京,71864.0,jikeiretsu_13,1612.0,estat_nenpo,13515.0,,,関東
2015,神奈川,30977.0,jikeiretsu_13,877.0,estat_nenpo,9126.0,,,関東
2015,新潟,24149.0,jikeiretsu_13,37509.0,estat_nenpo,2304.0,,,中部
2015,富山,7042.0,jikeiretsu_13,5123.0,estat_nenpo,1066.0,,,中部
2015,石川,8660.0,jikeiretsu_13,6839.0,estat_nenpo,1154.0,,,中部
2015,福井,4443.0,jikeiretsu_13,3067.0,estat_nenpo,787.0,,,中部
2015,山梨,3771.0,jikeiretsu_13,9213.0,estat_nenpo,835.0,,,中部
2015,長野,13621.0,jikeiretsu_13,8620.0,estat_nenpo,2099.0,,,中部
2015,岐阜,9214.0,jikeiretsu_13,4459.0,estat_nenpo,2032.0,,,中部
2015,静岡,15158.0,jikeiretsu_13,4333.0,estat_nenpo,3700.0,,,中部
2015,愛知,23497.0,jikeiretsu_13,13812.0,estat_nenpo,7483.0,,,中部
2015,三重,7035.0,jikeiretsu_13,2196.0,estat_nenpo,1816.0,,,中部
2015,滋賀,6025.0,jikeiretsu_13,3853.0,estat_nenpo,1413.0,,,近畿
2015,京都,13161.0,jikeiretsu_13,71286.0,estat_nenpo,2610.0,,,近畿
2015,大阪,34615.0,jikeiretsu_13,852.0,estat_nenpo,8839.0,,,近畿
2015,兵庫,23315.0,jikeiretsu_13,126747.0,estat_nenpo,5535.0,,,近畿
2015,奈良,5829.0,jikeiretsu_13,3658.0,estat_nenpo,1364.0,,,近畿
2015,和歌山,4740.0,jikeiretsu_13,2609.0,estat_nenpo,964.0,,,近畿
2015,鳥取,3236.0,jikeiretsu_13,979.0,estat_nenpo,573.0,,,中国
2015,島根,4270.0,jikeiretsu_13,2012.0,estat_nenpo,694.0,,,中国
2015,岡山,7945.0,jikeiretsu_13,2659.0,estat_nenpo,1922.0,,,中国
2015,広島,12472.0,jikeiretsu_13,10228.0,estat_nenpo,2844.0,,,中国
2015,山口,5883.0,jikeiretsu_13,5701.0,estat_nenpo,1405.0,,,中国
2015,徳島,3113.0,jikeiretsu_13,454.0,estat_nenpo,756.0,,,四国
2015,香川,4013.0,jikeiretsu_13,1089.0,estat_nenpo,976.0,,,四国
2015,愛媛,5778.0,jikeiretsu_13,1803.0,estat_nenpo,1385.0,,,四国
2015,高知,3650.0,jikeiretsu_13,5005.0,estat_nenpo,728.0,,,四国
2015,福岡,19745.0,jikeiretsu_13,4305.0,estat_nenpo,5102.0,,,九州・沖縄
2015,佐賀,4253.0,jikeiretsu_13,2819.0,estat_nenpo,833.0,,,九州・沖縄
2015,長崎,5015.0,jikeiretsu_13,916.0,estat_nenpo,1377.0,,,九州・沖縄
2015,熊本,4093.0,jikeiretsu_13,1143.0,estat_nenpo,1786.0,,,九州・沖縄
2015,大分,4530.0,jikeiretsu_13,3307.0,estat_nenpo,1166.0,,,九州・沖縄
2015,宮崎,2106.0,jikeiretsu_13,,estat_nenpo,1104.0,,,九州・沖縄
2015,鹿児島,1615.0,jikeiretsu_13,,estat_nenpo,1648.0,,,九州・沖縄
2015,沖縄,1427.0,jikeiretsu_13,,estat_nenpo,1434.0,,,九州・沖縄
2016,北海道,21842.0,jikeiretsu_13,3837.0,estat_nenpo,5348.833333333333,,,北海道
2016,青森,6830.0,jikeiretsu_13,3860.0,estat_nenpo,1293.5,,,東北
2016,岩手,7054.0,jikeiretsu_13,3899.0,estat_nenpo,1266.0,,,東北
2016,宮城,11815.0,jikeiretsu_13,7449.0,estat_nenpo,2326.6666666666665,,,東北
2016,秋田,7805.0,jikeiretsu_13,16447.0,estat_nenpo,1010.0,,,東北
2016,山形,7353.0,jikeiretsu_13,8030.0,estat_nenpo,1112.5,,,東北
2016,福島,12510.0,jikeiretsu_13,11801.0,estat_nenpo,1897.0,,,東北
2016,茨城,12872.0,jikeiretsu_13,3460.0,estat_nenpo,2906.1666666666665,,,関東
2016,栃木,8453.0,jikeiretsu_13,8049.0,estat_nenpo,1965.1666666666667,,,関東
2016,群馬,8315.0,jikeiretsu_13,2721.0,estat_nenpo,1965.3333333333333,,,関東
2016,埼玉,25506.0,jikeiretsu_13,15916.0,estat_nenpo,7279.166666666667,,,関東
2016,千葉,22086.0,jikeiretsu_13,6268.0,estat_nenpo,6231.666666666667,,,関東
2016,東京,67036.0,jikeiretsu_13,1415.0,estat_nenpo,13597.5,,,関東
2016,神奈川,31383.0,jikeiretsu_13,925.0,estat_nenpo,9144.333333333334,,,関東
2016,新潟,22573.0,jikeiretsu_13,37544.0,estat_nenpo,2282.8333333333335,,,中部
2016,富山,6607.0,jikeiretsu_13,5147.0,estat_nenpo,1059.1666666666667,,,中部
2016,石川,7119.0,jikeiretsu_13,6626.0,estat_nenpo,1149.1666666666667,,,中部
2016,福井,4409.0,jikeiretsu_13,2928.0,estat_nenpo,782.5,,,中部
2016,山梨,3494.0,jikeiretsu_13,8383.0,estat_nenpo,830.0,,,中部
2016,長野,12848.0,jikeiretsu_13,8084.0,estat_nenpo,2088.0,,,中部
2016,岐阜,9167.0,jikeiretsu_13,4074.0,estat_nenpo,2020.1666666666667,,,中部
2016,静岡,14613.0,jikeiretsu_13,4168.0,estat_nenpo,3684.6666666666665,,,中部
2016,愛知,23207.0,jikeiretsu_13,13297.0,estat_nenpo,7488.666666666667,,,中部
2016,三重,6989.0,jikeiretsu_13,2157.0,estat_nenpo,1806.0,,,中部
2016,滋賀,5865.0,jikeiretsu_13,3432.0,estat_nenpo,1412.6666666666667,,,近畿
2016,京都,12558.0,jikeiretsu_13,70874.0,estat_nenpo,2601.8333333333335,,,近畿
2016,大阪,33480.0,jikeiretsu_13,904.0,estat_nenpo,8833.5,,,近畿
2016,兵庫,22279.0,jikeiretsu_13,117743.0,estat_nenpo,5517.833333333333,,,近畿
2016,奈良,5602.0,jikeiretsu_13,3478.0,estat_nenpo,1355.8333333333333,,,近畿
2016,和歌山,4416.0,jikeiretsu_13,2573.0,estat_nenpo,955.6666666666666,,,近畿
2016,鳥取,3149.0,jikeiretsu_13,967.0,estat_nenpo,569.0,,,中国
2016,島根,4203.0,jikeiretsu_13,2071.0,estat_nenpo,689.1666666666666,,,中国
2016,岡山,7988.0,jikeiretsu_13,2542.0,estat_nenpo,1914.3333333333333,,,中国
2016,広島,12063.0,jikeiretsu_13,9040.0,estat_nenpo,2833.3333333333335,,,中国
2016,山口,7599.0,jikeiretsu_13,7213.0,estat_nenpo,1392.1666666666667,,,中国
2016,徳島,3443.0,jikeiretsu_13,469.0,estat_nenpo,748.6666666666666,,,四国
2016,香川,3719.0,jikeiretsu_13,929.0,estat_nenpo,970.3333333333334,,,四国
2016,愛媛,5532.0,jikeiretsu_13,1611.0,estat_nenpo,1374.3333333333333,,,四国
2016,高知,3571.0,jikeiretsu_13,4973.0,estat_nenpo,720.6666666666666,,,四国
2016,福岡,19006.0,jikeiretsu_13,3843.0,estat_nenpo,5105.666666666667,,,九州・沖縄
2016,佐賀,4166.0,jikeiretsu_13,2798.0,estat_nenpo,828.5,,,九州・沖縄
2016,長崎,4885.0,jikeiretsu_13,766.0,estat_nenpo,1363.6666666666667,,,九州・沖縄
2016,熊本,4175.0,jikeiretsu_13,1118.0,estat_nenpo,1776.3333333333333,,,九州・沖縄
2016,大分,4165.0,jikeiretsu_13,2586.0,estat_nenpo,1157.3333333333333,,,九州・沖縄
2016,宮崎,2092.0,jikeiretsu_13,,estat_nenpo,1096.8333333333333,,,九州・沖縄
2016,鹿児島,1591.0,jikeiretsu_13,,estat_nenpo,1636.0,,,九州・沖縄
2016,沖縄,1359.0,jikeiretsu_13,,estat_nenpo,1439.6666666666667,,,九州・沖縄
2017,北海道,21438.0,jikeiretsu_13,4270.0,estat_nenpo,5315.666666666667,,,北海道
2017,青森,6561.0,jikeiretsu_13,4183.0,estat_nenpo,1279.0,,,東北
2017,岩手,7012.0,jikeiretsu_13,3468.0,estat_nenpo,1252.0,,,東北
2017,宮城,11945.0,jikeiretsu_13,7590.0,estat_nenpo,2319.3333333333335,,,東北
2017,秋田,8357.0,jikeiretsu_13,16154.0,estat_nenpo,997.0,,,東北
2017,山形,7227.0,jikeiretsu_13,8749.0,estat_nenpo,1101.0,,,東北
2017,福島,11909.0,jikeiretsu_13,11418.0,estat_nenpo,1880.0,,,東北
2017,茨城,12674.0,jikeiretsu_13,3017.0,estat_nenpo,2895.3333333333335,,,関東
2017,栃木,8591.0,jikeiretsu_13,8240.0,estat_nenpo,1956.3333333333333,,,関東
2017,群馬,8477.0,jikeiretsu_13,2354.0,estat_nenpo,1957.6666666666667,,,関東
2017,埼玉,25179.0,jikeiretsu_13,13991.0,estat_nenpo,7291.333333333333,,,関東
2017,千葉,22149.0,jikeiretsu_13,6334.0,estat_nenpo,6240.333333333333,,,関東
2017,東京,68824.0,jikeiretsu_13,1352.0,estat_nenpo,13680.0,,,関東
2017,神奈川,30241.0,jikeiretsu_13,911.0,estat_nenpo,9162.666666666666,,,関東
2017,新潟,21321.0,jikeiretsu_13,34639.0,estat_nenpo,2261.6666666666665,,,中部
2017,富山,6516.0,jikeiretsu_13,4621.0,estat_nenpo,1052.3333333333333,,,中部
2017,石川,6992.0,jikeiretsu_13,6274.0,estat_nenpo,1144.3333333333333,,,中部
2017,福井,4310.0,jikeiretsu_13,3025.0,estat_nenpo,778.0,,,中部
2017,山梨,3352.0,jikeiretsu_13,8647.0,estat_nenpo,825.0,,,中部
2017,長野,12366.0,jikeiretsu_13,8004.0,estat_nenpo,2077.0,,,中部
2017,岐阜,8702.0,jikeiretsu_13,3792.0,estat_nenpo,2008.3333333333333,,,中部
2017,静岡,14144.0,jikeiretsu_13,4224.0,estat_nenpo,3669.3333333333335,,,中部
2017,愛知,22471.0,jikeiretsu_13,11844.0,estat_nenpo,7494.333333333333,,,中部
2017,三重,6871.0,jikeiretsu_13,2217.0,estat_nenpo,1796.0,,,中部
2017,滋賀,5684.0,jikeiretsu_13,3521.0,estat_nenpo,1412.3333333333333,,,近畿
2017,京都,12409.0,jikeiretsu_13,70928.0,estat_nenpo,2593.6666666666665,,,近畿
2017,大阪,32734.0,jikeiretsu_13,887.0,estat_nenpo,8828.0,,,近畿
2017,兵庫,21458.0,jikeiretsu_13,111334.0,estat_nenpo,5500.666666666667,,,近畿
2017,奈良,5595.0,jikeiretsu_13,3232.0,estat_nenpo,1347.6666666666667,,,近畿
2017,和歌山,4335.0,jikeiretsu_13,2284.0,estat_nenpo,947.3333333333334,,,近畿
2017,鳥取,2935.0,jikeiretsu_13,916.0,estat_nenpo,565.0,,,中国
2017,島根,4005.0,jikeiretsu_13,1997.0,estat_nenpo,684.3333333333334,,,中国
2017,岡山,7305.0,jikeiretsu_13,2416.0,estat_nenpo,1906.6666666666667,,,中国
2017,広島,11277.0,jikeiretsu_13,7683.0,estat_nenpo,2822.6666666666665,,,中国
2017,山口,5251.0,jikeiretsu_13,8303.0,estat_nenpo,1379.3333333333333,,,中国
2017,徳島,3401.0,jikeiretsu_13,432.0,estat_nenpo,741.3333333333334,,,四国
2017,香川,3810.0,jikeiretsu_13,873.0,estat_nenpo,964.6666666666666,,,四国
2017,愛媛,5347.0,jikeiretsu_13,1485.0,estat_nenpo,1363.6666666666667,,,四国
2017,高知,3657.0,jikeiretsu_13,4589.0,estat_nenpo,713.3333333333334,,,四国
2017,福岡,18241.0,jikeiretsu_13,3774.0,estat_nenpo,5109.333333333333,,,九州・沖縄
2017,佐賀,4041.0,jikeiretsu_13,2690.0,estat_nenpo,824.0,,,九州・沖縄
2017,長崎,4756.0,jikeiretsu_13,788.0,estat_nenpo,1350.3333333333333,,,九州・沖縄
2017,熊本,4111.0,jikeiretsu_13,1379.0,estat_nenpo,1766.6666666666667,,,九州・沖縄
2017,大分,4123.0,jikeiretsu_13,2310.0,estat_nenpo,1148.6666666666667,,,九州・沖縄
2017,宮崎,2068.0,jikeiretsu_13,,estat_nenpo,1089.6666666666667,,,九州・沖縄
2017,鹿児島,1573.0,jikeiretsu_13,,estat_nenpo,1624.0,,,九州・沖縄
2017,沖縄,1244.0,jikeiretsu_13,,estat_nenpo,1445.3333333333333,,,九州・沖縄
2018,北海道,20308.0,jikeiretsu_13,4165.0,estat_nenpo,5282.5,,,北海道
2018,青森,6193.0,jikeiretsu_13,3812.0,estat_nenpo,1264.5,,,東北
2018,岩手,6544.0,jikeiretsu_13,3260.0,estat_nenpo,1238.0,,,東北
2018,宮城,10931.0,jikeiretsu_13,7001.0,estat_nenpo,2312.0,,,東北
2018,秋田,7251.0,jikeiretsu_13,14575.0,estat_nenpo,984.0,,,東北
2018,山形,6816.0,jikeiretsu_13,8705.0,estat_nenpo,1089.5,,,東北
2018,福島,11230.213,jikeiretsu_13,10808.182,estat_nenpo,1863.0,,,東北
2018,茨城,11351.0,jikeiretsu_13,3255.0,estat_nenpo,2884.5,,,関東
2018,栃木,8247.0,jikeiretsu_13,7764.531,estat_nenpo,1947.5,,,関東
2018,群馬,7594.0,jikeiretsu_13,2675.0,estat_nenpo,1950.0,,,関東
2018,埼玉,23656.799,jikeiretsu_13,18028.0,estat_nenpo,7303.5,,,関東
2018,千葉,20442.0,jikeiretsu_13,6270.0,estat_nenpo,6249.0,,,関東
2018,東京,64778.547999999995,jikeiretsu_13,1364.0,estat_nenpo,13762.5,,,関東
2018,神奈川,26852.0,jikeiretsu_13,935.0,estat_nenpo,9181.0,,,関東
2018,新潟,19823.0,jikeiretsu_13,34779.0,estat_nenpo,2240.5,,,中部
2018,富山,6456.0,jikeiretsu_13,4057.0,estat_nenpo,1045.5,,,中部
2018,石川,6548.0,jikeiretsu_13,6019.0,estat_nenpo,1139.5,,,中部
2018,福井,4032.0,jikeiretsu_13,3009.0,estat_nenpo,773.5,,,中部
2018,山梨,3104.0,jikeiretsu_13,8654.0,estat_nenpo,820.0,,,中部
2018,長野,11769.0,jikeiretsu_13,7557.0,estat_nenpo,2066.0,,,中部
2018,岐阜,7989.0,jikeiretsu_13,3754.0,estat_nenpo,1996.5,,,中部
2018,静岡,13104.0,jikeiretsu_13,3909.0,estat_nenpo,3654.0,,,中部
2018,愛知,20838.0,jikeiretsu_13,11665.0,estat_nenpo,7500.0,,,中部
2018,三重,6149.0,jikeiretsu_13,2404.0,estat_nenpo,1786.0,,,中部
2018,滋賀,5159.0,jikeiretsu_13,3271.0,estat_nenpo,1412.0,,,近畿
2018,京都,11360.0,jikeiretsu_13,69168.0,estat_nenpo,2585.5,,,近畿
2018,大阪,30837.0,jikeiretsu_13,832.0,estat_nenpo,8822.5,,,近畿
2018,兵庫,20008.0,jikeiretsu_13,110391.0,estat_nenpo,5483.5,,,近畿
2018,奈良,5405.0,jikeiretsu_13,3144.0,estat_nenpo,1339.5,,,近畿
2018,和歌山,3987.0,jikeiretsu_13,2044.0,estat_nenpo,939.0,,,近畿
2018,鳥取,2730.0,jikeiretsu_13,709.0,estat_nenpo,561.0,,,中国
2018,島根,3570.0,jikeiretsu_13,1867.0,estat_nenpo,679.5,,,中国
2018,岡山,6926.0,jikeiretsu_13,2287.0,estat_nenpo,1899.0,,,中国
2018,広島,10967.0,jikeiretsu_13,7150.0,estat_nenpo,2812.0,,,中国
2018,山口,5262.0,jikeiretsu_13,8617.0,estat_nenpo,1366.5,,,中国
2018,徳島,2758.0,jikeiretsu_13,448.0,estat_nenpo,734.0,,,四国
2018,香川,3327.0,jikeiretsu_13,897.0,estat_nenpo,959.0,,,四国
2018,愛媛,4908.0,jikeiretsu_13,1341.0,estat_nenpo,1353.0,,,四国
2018,高知,3140.0,jikeiretsu_13,4491.0,estat_nenpo,706.0,,,四国
2018,福岡,16880.0,jikeiretsu_13,3893.0,estat_nenpo,5113.0,,,九州・沖縄
2018,佐賀,3677.0,jikeiretsu_13,2791.0,estat_nenpo,819.5,,,九州・沖縄
2018,長崎,4558.0,jikeiretsu_13,883.0,estat_nenpo,1337.0,,,九州・沖縄
2018,熊本,3868.0,jikeiretsu_13,1260.0,estat_nenpo,1757.0,,,九州・沖縄
2018,大分,3750.0,jikeiretsu_13,2004.0,estat_nenpo,1140.0,,,九州・沖縄
2018,宮崎,2111.0,jikeiretsu_13,,estat_nenpo,1082.5,,,九州・沖縄
2018,鹿児島,1501.0,jikeiretsu_13,,estat_nenpo,1612.0,,,九州・沖縄
2018,沖縄,1219.0,jikeiretsu_13,,estat_nenpo,1451.0,,,九州・沖縄
2019,北海道,19513.0,jikeiretsu_13,3701.0,estat_nenpo,5249.333333333333,,,北海道
2019,青森,6009.0,jikeiretsu_13,3831.0,estat_nenpo,1250.0,,,東北
2019,岩手,5951.0,jikeiretsu_13,3228.0,estat_nenpo,1224.0,,,東北
2019,宮城,10239.0,jikeiretsu_13,6537.0,estat_nenpo,2304.6666666666665,,,東北
2019,秋田,6639.0,jikeiretsu_13,14038.0,estat_nenpo,971.0,,,東北
2019,山形,6328.0,jikeiretsu_13,8462.0,estat_nenpo,1078.0,,,東北
2019,福島,10160.0,jikeiretsu_13,9786.0,estat_nenpo,1846.0,,,東北
2019,茨城,9983.0,jikeiretsu_13,2854.0,estat_nenpo,2873.6666666666665,,,関東
2019,栃木,7324.0,jikeiretsu_13,6365.0,estat_nenpo,1938.6666666666667,,,関東
2019,群馬,6587.0,jikeiretsu_13,2623.0,estat_nenpo,1942.3333333333333,,,関東
2019,埼玉,21314.0,jikeiretsu_13,14839.0,estat_nenpo,7315.666666666667,,,関東
2019,千葉,18015.0,jikeiretsu_13,5905.0,estat_nenpo,6257.666666666667,,,関東
2019,東京,58293.0,jikeiretsu_13,1303.0,estat_nenpo,13845.0,,,関東
2019,神奈川,35003.0,jikeiretsu_13,900.0,estat_nenpo,9199.333333333334,,,関東
2019,新潟,18017.0,jikeiretsu_13,30678.0,estat_nenpo,2219.3333333333335,,,中部
2019,富山,5918.0,jikeiretsu_13,3998.0,estat_nenpo,1038.6666666666667,,,中部
2019,石川,6112.0,jikeiretsu_13,4897.0,estat_nenpo,1134.6666666666667,,,中部
2019,福井,3625.0,jikeiretsu_13,2865.0,estat_nenpo,769.0,,,中部
2019,山梨,3024.0,jikeiretsu_13,8202.0,estat_nenpo,815.0,,,中部
2019,長野,10949.0,jikeiretsu_13,7004.0,estat_nenpo,2055.0,,,中部
2019,岐阜,7399.0,jikeiretsu_13,3556.0,estat_nenpo,1984.6666666666667,,,中部
2019,静岡,13313.0,jikeiretsu_13,4677.0,estat_nenpo,3638.6666666666665,,,中部
2019,愛知,19607.0,jikeiretsu_13,10231.0,estat_nenpo,7505.666666666667,,,中部
2019,三重,6045.0,jikeiretsu_13,2153.0,estat_nenpo,1776.0,,,中部
2019,滋賀,5235.0,jikeiretsu_13,3069.0,estat_nenpo,1411.6666666666667,,,近畿
2019,京都,10922.0,jikeiretsu_13,65024.0,estat_nenpo,2577.3333333333335,,,近畿
2019,大阪,28125.0,jikeiretsu_13,743.0,estat_nenpo,8817.0,,,近畿
2019,兵庫,18764.0,jikeiretsu_13,96076.0,estat_nenpo,5466.333333333333,,,近畿
2019,奈良,4569.0,jikeiretsu_13,3039.0,estat_nenpo,1331.3333333333333,,,近畿
2019,和歌山,3816.0,jikeiretsu_13,1865.0,estat_nenpo,930.6666666666666,,,近畿
2019,鳥取,2461.0,jikeiretsu_13,685.0,estat_nenpo,557.0,,,中国
2019,島根,3399.0,jikeiretsu_13,1647.0,estat_nenpo,674.6666666666666,,,中国
2019,岡山,6134.0,jikeiretsu_13,1961.0,estat_nenpo,1891.3333333333333,,,中国
2019,広島,9551.0,jikeiretsu_13,5762.0,estat_nenpo,2801.3333333333335,,,中国
2019,山口,4903.0,jikeiretsu_13,7166.0,estat_nenpo,1353.6666666666667,,,中国
2019,徳島,2335.0,jikeiretsu_13,403.0,estat_nenpo,726.6666666666666,,,四国
2019,香川,3174.0,jikeiretsu_13,861.0,estat_nenpo,953.3333333333334,,,四国
2019,愛媛,4564.0,jikeiretsu_13,1313.0,estat_nenpo,1342.3333333333333,,,四国
2019,高知,2894.0,jikeiretsu_13,4325.0,estat_nenpo,698.6666666666666,,,四国
2019,福岡,16511.0,jikeiretsu_13,3113.0,estat_nenpo,5116.666666666667,,,九州・沖縄
2019,佐賀,3487.0,jikeiretsu_13,2541.0,estat_nenpo,815.0,,,九州・沖縄
2019,長崎,4222.0,jikeiretsu_13,690.0,estat_nenpo,1323.6666666666667,,,九州・沖縄
2019,熊本,3643.0,jikeiretsu_13,1100.0,estat_nenpo,1747.3333333333333,,,九州・沖縄
2019,大分,3600.0,jikeiretsu_13,1810.0,estat_nenpo,1131.3333333333333,,,九州・沖縄
2019,宮崎,1867.0,jikeiretsu_13,,estat_nenpo,1075.3333333333333,,,九州・沖縄
2019,鹿児島,1425.0,jikeiretsu_13,,estat_nenpo,1600.0,,,九州・沖縄
2019,沖縄,952.0,jikeiretsu_13,,estat_nenpo,1456.6666666666667,,,九州・沖縄
2020,北海道,17379.0,jikeiretsu_13,2736.0,estat_nenpo,5216.166666666667,556.0,4669.0,北海道
2020,青森,5440.0,jikeiretsu_13,2707.0,estat_nenpo,1235.5,129.0,1109.0,東北
2020,岩手,5499.0,jikeiretsu_13,2331.0,estat_nenpo,1210.0,132.0,1079.0,東北
2020,宮城,9495.0,jikeiretsu_13,4947.0,estat_nenpo,2297.3333333333335,268.0,2034.0,東北
2020,秋田,5942.0,jikeiretsu_13,12220.0,estat_nenpo,958.0,93.0,867.0,東北
2020,山形,5808.0,jikeiretsu_13,6078.0,estat_nenpo,1066.5,120.0,948.0,東北
2020,福島,9611.0,jikeiretsu_13,9047.0,estat_nenpo,1829.0,206.0,1627.0,東北
2020,茨城,9650.0,jikeiretsu_13,2180.0,estat_nenpo,2862.8333333333335,334.0,2533.0,関東
2020,栃木,6783.0,jikeiretsu_13,5879.0,estat_nenpo,1929.8333333333333,228.0,1705.0,関東
2020,群馬,6211.0,jikeiretsu_13,1975.0,estat_nenpo,1934.6666666666667,224.0,1715.0,関東
2020,埼玉,23307.32,jikeiretsu_13,17386.0,estat_nenpo,7327.833333333333,858.0,6487.0,関東
2020,千葉,17096.123209999998,jikeiretsu_13,5122.0,estat_nenpo,6266.333333333333,734.0,5550.0,関東
2020,東京,49611.71428499999,jikeiretsu_13,985.0,estat_nenpo,13927.5,1567.0,12481.0,関東
2020,神奈川,23737.311,jikeiretsu_13,591.0,estat_nenpo,9217.666666666666,1086.0,8151.0,関東
2020,新潟,15984.0,jikeiretsu_13,26381.0,estat_nenpo,2198.1666666666665,247.0,1954.0,中部
2020,富山,5013.0,jikeiretsu_13,2998.0,estat_nenpo,1031.8333333333333,115.0,920.0,中部
2020,石川,5509.0,jikeiretsu_13,3690.0,estat_nenpo,1129.8333333333333,137.0,996.0,中部
2020,福井,3456.0,jikeiretsu_13,2182.0,estat_nenpo,764.5,96.0,671.0,中部
2020,山梨,2759.172,jikeiretsu_13,6345.0,estat_nenpo,810.0,92.0,718.0,中部
2020,長野,9350.0,jikeiretsu_13,5631.0,estat_nenpo,2044.0,243.0,1805.0,中部
2020,岐阜,7394.0,jikeiretsu_13,2816.0,estat_nenpo,1972.8333333333333,241.0,1738.0,中部
2020,静岡,11719.0,jikeiretsu_13,2654.0,estat_nenpo,3623.3333333333335,439.0,3194.0,中部
2020,愛知,18769.0,jikeiretsu_13,7790.0,estat_nenpo,7511.333333333333,974.0,6568.0,中部
2020,三重,5498.0,jikeiretsu_13,1817.0,estat_nenpo,1766.0,211.0,1559.0,中部
2020,滋賀,4990.0,jikeiretsu_13,2541.0,estat_nenpo,1411.3333333333333,191.0,1223.0,近畿
2020,京都,9972.0,jikeiretsu_13,54303.0,estat_nenpo,2569.1666666666665,293.0,2285.0,近畿
2020,大阪,26518.0,jikeiretsu_13,585.0,estat_nenpo,8811.5,1029.0,7809.0,近畿
2020,兵庫,18627.0,jikeiretsu_13,87289.0,estat_nenpo,5449.166666666667,660.0,4805.0,近畿
2020,奈良,4257.0,jikeiretsu_13,1790.0,estat_nenpo,1323.1666666666667,154.0,1170.0,近畿
2020,和歌山,3326.0,jikeiretsu_13,1300.0,estat_nenpo,922.3333333333334,105.0,818.0,近畿
2020,鳥取,2245.0,jikeiretsu_13,505.0,estat_nenpo,553.0,68.0,485.0,中国
2020,島根,3015.0,jikeiretsu_13,1198.0,estat_nenpo,669.8333333333334,82.0,589.0,中国
2020,岡山,5783.0,jikeiretsu_13,1698.0,estat_nenpo,1883.6666666666667,229.0,1659.0,中国
2020,広島,9404.0,jikeiretsu_13,5340.0,estat_nenpo,2790.6666666666665,353.0,2447.0,中国
2020,山口,4836.0,jikeiretsu_13,6480.0,estat_nenpo,1340.8333333333333,154.0,1188.0,中国
2020,徳島,2335.0,jikeiretsu_13,277.0,estat_nenpo,719.3333333333334,77.0,643.0,四国
2020,香川,2876.0,jikeiretsu_13,480.0,estat_nenpo,947.6666666666666,114.0,836.0,四国
2020,愛媛,4165.0,jikeiretsu_13,974.0,estat_nenpo,1331.6666666666667,154.0,1181.0,四国
2020,高知,2651.0,jikeiretsu_13,3273.0,estat_nenpo,691.3333333333334,75.0,617.0,四国
2020,福岡,14141.0,jikeiretsu_13,2255.0,estat_nenpo,5120.333333333333,662.0,4473.0,九州・沖縄
2020,佐賀,3224.0,jikeiretsu_13,2101.0,estat_nenpo,810.5,108.0,703.0,九州・沖縄
2020,長崎,3796.0,jikeiretsu_13,512.0,estat_nenpo,1310.3333333333333,164.0,1148.0,九州・沖縄
2020,熊本,3375.0,jikeiretsu_13,677.0,estat_nenpo,1737.6666666666667,228.0,1510.0,九州・沖縄
2020,大分,3193.0,jikeiretsu_13,1815.0,estat_nenpo,1122.6666666666667,135.0,989.0,九州・沖縄
2020,宮崎,1757.0,jikeiretsu_13,,estat_nenpo,1068.1666666666667,140.0,930.0,九州・沖縄
2020,鹿児島,1441.0,jikeiretsu_13,,estat_nenpo,1588.0,205.0,1383.0,九州・沖縄
2020,沖縄,1068.0,jikeiretsu_13,,estat_nenpo,1462.3333333333333,243.0,1224.0,九州・沖縄
2021,北海道,16566.0,jikeiretsu_13,2833.0,estat_nenpo,5183.0,544.0,4639.0,北海道
2021,青森,5313.0,jikeiretsu_13,2848.0,estat_nenpo,1221.0,127.0,1094.0,東北
2021,岩手,5317.0,jikeiretsu_13,2189.0,estat_nenpo,1196.0,129.0,1067.0,東北
2021,宮城,9086.0,jikeiretsu_13,4851.0,estat_nenpo,2290.0,264.0,2026.0,東北
2021,秋田,5883.0,jikeiretsu_13,13122.0,estat_nenpo,945.0,90.0,855.0,東北
2021,山形,5615.0,jikeiretsu_13,6267.0,estat_nenpo,1055.0,117.0,938.0,東北
2021,福島,9487.0,jikeiretsu_13,7552.0,estat_nenpo,1812.0,202.0,1610.0,東北
2021,茨城,9803.0,jikeiretsu_13,2180.0,estat_nenpo,2852.0,328.0,2524.0,関東
2021,栃木,6310.0,jikeiretsu_13,6082.0,estat_nenpo,1921.0,223.0,1698.0,関東
2021,群馬,6296.0,jikeiretsu_13,1781.0,estat_nenpo,1927.0,221.0,1706.0,関東
2021,埼玉,22812.0,jikeiretsu_13,17519.0,estat_nenpo,7340.0,860.0,6480.0,関東
2021,千葉,16568.0,jikeiretsu_13,5157.0,estat_nenpo,6275.0,727.0,5548.0,関東
2021,東京,52383.0,jikeiretsu_13,951.0,estat_nenpo,14010.0,1553.0,12457.0,関東
2021,神奈川,23303.0,jikeiretsu_13,700.0,estat_nenpo,9236.0,1071.0,8165.0,関東
2021,新潟,15240.0,jikeiretsu_13,27561.0,estat_nenpo,2177.0,242.0,1935.0,中部
2021,富山,5130.0,jikeiretsu_13,2665.0,estat_nenpo,1025.0,114.0,911.0,中部
2021,石川,5596.0,jikeiretsu_13,3415.0,estat_nenpo,1125.0,135.0,990.0,中部
2021,福井,3243.0,jikeiretsu_13,2321.0,estat_nenpo,760.0,94.0,666.0,中部
2021,山梨,2716.0,jikeiretsu_13,7078.0,estat_nenpo,805.0,91.0,714.0,中部
2021,長野,10004.0,jikeiretsu_13,5327.0,estat_nenpo,2033.0,240.0,1793.0,中部
2021,岐阜,6940.0,jikeiretsu_13,3130.0,estat_nenpo,1961.0,237.0,1724.0,中部
2021,静岡,11103.0,jikeiretsu_13,2706.0,estat_nenpo,3608.0,429.0,3179.0,中部
2021,愛知,18032.0,jikeiretsu_13,7550.0,estat_nenpo,7517.0,966.0,6551.0,中部
2021,三重,5146.0,jikeiretsu_13,1933.0,estat_nenpo,1756.0,209.0,1547.0,中部
2021,滋賀,4567.0,jikeiretsu_13,2538.0,estat_nenpo,1411.0,189.0,1222.0,近畿
2021,京都,9395.0,jikeiretsu_13,49045.0,estat_nenpo,2561.0,289.0,2272.0,近畿
2021,大阪,24821.0,jikeiretsu_13,490.0,estat_nenpo,8806.0,1018.0,7788.0,近畿
2021,兵庫,17010.0,jikeiretsu_13,90753.0,estat_nenpo,5432.0,655.0,4777.0,近畿
2021,奈良,4191.0,jikeiretsu_13,2004.0,estat_nenpo,1315.0,152.0,1163.0,近畿
2021,和歌山,3296.0,jikeiretsu_13,1288.0,estat_nenpo,914.0,104.0,810.0,近畿
2021,鳥取,2118.0,jikeiretsu_13,446.0,estat_nenpo,549.0,67.0,482.0,中国
2021,島根,2970.0,jikeiretsu_13,1284.0,estat_nenpo,665.0,81.0,584.0,中国
2021,岡山,5540.0,jikeiretsu_13,1294.0,estat_nenpo,1876.0,230.0,1646.0,中国
2021,広島,9102.0,jikeiretsu_13,5988.0,estat_nenpo,2780.0,347.0,2433.0,中国
2021,山口,4420.0,jikeiretsu_13,7591.0,estat_nenpo,1328.0,151.0,1177.0,中国
2021,徳島,2244.0,jikeiretsu_13,261.0,estat_nenpo,712.0,77.0,635.0,四国
2021,香川,2727.0,jikeiretsu_13,531.0,estat_nenpo,942.0,113.0,829.0,四国
2021,愛媛,4032.0,jikeiretsu_13,830.0,estat_nenpo,1321.0,151.0,1170.0,四国
2021,高知,2414.0,jikeiretsu_13,3312.0,estat_nenpo,684.0,74.0,610.0,四国
2021,福岡,13777.0,jikeiretsu_13,2133.0,estat_nenpo,5124.0,661.0,4463.0,九州・沖縄
2021,佐賀,3057.0,jikeiretsu_13,1715.0,estat_nenpo,806.0,108.0,698.0,九州・沖縄
2021,長崎,4500.0,jikeiretsu_13,572.0,estat_nenpo,1297.0,161.0,1136.0,九州・沖縄
2021,熊本,3395.0,jikeiretsu_13,603.0,estat_nenpo,1728.0,227.0,1501.0,九州・沖縄
2021,大分,3093.0,jikeiretsu_13,1203.0,estat_nenpo,1114.0,134.0,980.0,九州・沖縄
2021,宮崎,1706.0,jikeiretsu_13,,estat_nenpo,1061.0,138.0,923.0,九州・沖縄
2021,鹿児島,1445.0,jikeiretsu_13,,estat_nenpo,1576.0,205.0,1371.0,九州・沖縄
2021,沖縄,1347.0,jikeiretsu_13,,estat_nenpo,1468.0,242.0,1226.0,九州・沖縄
2022,北海道,16688.0,jikeiretsu_13,2961.0,estat_nenpo,5140.0,530.0,4610.0,北海道
2022,青森,6048.0,jikeiretsu_13,2993.0,estat_nenpo,1204.0,123.0,1082.0,東北
2022,岩手,5152.0,jikeiretsu_13,2773.0,estat_nenpo,1181.0,125.0,1056.0,東北
2022,宮城,8920.0,jikeiretsu_13,5996.0,estat_nenpo,2280.0,258.0,2022.0,東北
2022,秋田,5577.0,jikeiretsu_13,12348.0,estat_nenpo,930.0,86.0,843.0,東北
2022,山形,5383.0,jikeiretsu_13,7020.0,estat_nenpo,1041.0,113.0,928.0,東北
2022,福島,9108.0,jikeiretsu_13,7392.0,estat_nenpo,1790.0,197.0,1593.0,東北
2022,茨城,9759.0,jikeiretsu_13,2293.0,estat_nenpo,2840.0,321.0,2519.0,関東
2022,栃木,6107.0,jikeiretsu_13,6593.0,estat_nenpo,1909.0,217.0,1693.0,関東
2022,群馬,6102.0,jikeiretsu_13,2192.0,estat_nenpo,1913.0,216.0,1697.0,関東
2022,埼玉,22068.0,jikeiretsu_13,17160.0,estat_nenpo,7337.0,847.0,6490.0,関東
2022,千葉,15889.0,jikeiretsu_13,5386.0,estat_nenpo,6266.0,717.0,5549.0,関東
2022,東京,52420.0,jikeiretsu_13,1119.0,estat_nenpo,14038.0,1535.0,12503.0,関東
2022,神奈川,23759.0,jikeiretsu_13,838.0,estat_nenpo,9232.0,1053.0,8180.0,関東
2022,新潟,15208.0,jikeiretsu_13,30086.0,estat_nenpo,2153.0,235.0,1917.0,中部
2022,富山,4788.0,jikeiretsu_13,2697.0,estat_nenpo,1017.0,111.0,905.0,中部
2022,石川,5572.0,jikeiretsu_13,3358.0,estat_nenpo,1118.0,132.0,986.0,中部
2022,福井,3161.0,jikeiretsu_13,2541.0,estat_nenpo,753.0,92.0,661.0,中部
2022,山梨,2682.0,jikeiretsu_13,7172.0,estat_nenpo,802.0,89.0,712.0,中部
2022,長野,9189.0,jikeiretsu_13,6388.0,estat_nenpo,2020.0,235.0,1786.0,中部
2022,岐阜,6779.0,jikeiretsu_13,3425.0,estat_nenpo,1946.0,231.0,1715.0,中部
2022,静岡,10613.0,jikeiretsu_13,3345.0,estat_nenpo,3582.0,417.0,3165.0,中部
2022,愛知,17528.0,jikeiretsu_13,8379.0,estat_nenpo,7495.0,948.0,6548.0,中部
2022,三重,5185.0,jikeiretsu_13,2102.0,estat_nenpo,1742.0,204.0,1539.0,中部
2022,滋賀,4439.0,jikeiretsu_13,2343.0,estat_nenpo,1409.0,186.0,1223.0,近畿
2022,京都,9797.0,jikeiretsu_13,52047.0,estat_nenpo,2550.0,282.0,2267.0,近畿
2022,大阪,24204.0,jikeiretsu_13,569.0,estat_nenpo,8782.0,1002.0,7781.0,近畿
2022,兵庫,17721.0,jikeiretsu_13,91802.0,estat_nenpo,5402.0,644.0,4759.0,近畿
2022,奈良,4466.0,jikeiretsu_13,2233.0,estat_nenpo,1306.0,148.0,1158.0,近畿
2022,和歌山,3277.0,jikeiretsu_13,1607.0,estat_nenpo,903.0,101.0,802.0,近畿
2022,鳥取,2142.0,jikeiretsu_13,473.0,estat_nenpo,544.0,66.0,478.0,中国
2022,島根,3016.0,jikeiretsu_13,1371.0,estat_nenpo,658.0,79.0,579.0,中国
2022,岡山,5600.0,jikeiretsu_13,1491.0,estat_nenpo,1862.0,225.0,1637.0,中国
2022,広島,8855.0,jikeiretsu_13,5918.0,estat_nenpo,2760.0,340.0,2420.0,中国
2022,山口,4568.0,jikeiretsu_13,8678.0,estat_nenpo,1313.0,147.0,1166.0,中国
2022,徳島,2224.0,jikeiretsu_13,303.0,estat_nenpo,704.0,75.0,628.0,四国
2022,香川,2914.0,jikeiretsu_13,654.0,estat_nenpo,934.0,110.0,824.0,四国
2022,愛媛,3815.0,jikeiretsu_13,822.0,estat_nenpo,1306.0,147.0,1159.0,四国
2022,高知,2421.0,jikeiretsu_13,4028.0,estat_nenpo,676.0,72.0,604.0,四国
2022,福岡,13383.0,jikeiretsu_13,2493.0,estat_nenpo,5116.0,654.0,4462.0,九州・沖縄
2022,佐賀,3040.0,jikeiretsu_13,2191.0,estat_nenpo,801.0,105.0,695.0,九州・沖縄
2022,長崎,3682.0,jikeiretsu_13,693.0,estat_nenpo,1283.0,158.0,1125.0,九州・沖縄
2022,熊本,3320.0,jikeiretsu_13,735.0,estat_nenpo,1718.0,223.0,1495.0,九州・沖縄
2022,大分,3169.0,jikeiretsu_13,1183.0,estat_nenpo,1107.0,131.0,976.0,九州・沖縄
2022,宮崎,1698.0,jikeiretsu_13,,estat_nenpo,1052.0,136.0,917.0,九州・沖縄
2022,鹿児島,1397.0,jikeiretsu_13,,estat_nenpo,1563.0,201.0,1361.0,九州・沖縄
2022,沖縄,1276.0,jikeiretsu_13,,estat_nenpo,1468.0,240.0,1228.0,九州・沖縄
2023,北海道,16815.0,jikeiretsu_13,3121.0,estat_nenpo,5092.0,514.0,4578.0,北海道
2023,青森,5004.0,jikeiretsu_13,3050.0,estat_nenpo,1184.0,118.0,1066.0,東北
2023,岩手,5044.0,jikeiretsu_13,2538.0,estat_nenpo,1163.0,120.0,1043.0,東北
2023,宮城,8954.0,jikeiretsu_13,6212.0,estat_nenpo,2264.0,250.0,2014.0,東北
2023,秋田,5593.0,jikeiretsu_13,12321.0,estat_nenpo,914.0,83.0,831.0,東北
2023,山形,5447.0,jikeiretsu_13,7289.0,estat_nenpo,1026.0,109.0,917.0,東北
2023,福島,8665.0,jikeiretsu_13,7501.0,estat_nenpo,1767.0,190.0,1576.0,東北
2023,茨城,8479.0,jikeiretsu_13,2294.0,estat_nenpo,2825.0,312.0,2512.0,関東
2023,栃木,5954.0,jikeiretsu_13,6943.0,estat_nenpo,1897.0,210.0,1687.0,関東
2023,群馬,5746.0,jikeiretsu_13,2141.0,estat_nenpo,1902.0,210.0,1692.0,関東
2023,埼玉,21288.0,jikeiretsu_13,16875.0,estat_nenpo,7331.0,831.0,6501.0,関東
2023,千葉,17154.0,jikeiretsu_13,4661.0,estat_nenpo,6257.0,703.0,5554.0,関東
2023,東京,49839.0,jikeiretsu_13,1098.0,estat_nenpo,14086.0,1513.0,12573.0,関東
2023,神奈川,24082.0,jikeiretsu_13,924.0,estat_nenpo,9229.0,1031.0,8198.0,関東
2023,新潟,14539.0,jikeiretsu_13,30375.0,estat_nenpo,2126.0,228.0,1899.0,中部
2023,富山,4793.0,jikeiretsu_13,2635.0,estat_nenpo,1007.0,108.0,899.0,中部
2023,石川,5013.0,jikeiretsu_13,3108.0,estat_nenpo,1109.0,128.0,981.0,中部
2023,福井,3108.0,jikeiretsu_13,2719.0,estat_nenpo,744.0,89.0,656.0,中部
2023,山梨,2710.0,jikeiretsu_13,7511.0,estat_nenpo,796.0,87.0,709.0,中部
2023,長野,8923.0,jikeiretsu_13,6440.0,estat_nenpo,2004.0,228.0,1775.0,中部
2023,岐阜,6732.0,jikeiretsu_13,3777.0,estat_nenpo,1931.0,224.0,1707.0,中部
2023,静岡,10462.0,jikeiretsu_13,3386.0,estat_nenpo,3555.0,404.0,3151.0,中部
2023,愛知,16981.0,jikeiretsu_13,8957.0,estat_nenpo,7477.0,927.0,6550.0,中部
2023,三重,5559.0,jikeiretsu_13,2280.0,estat_nenpo,1727.0,198.0,1528.0,中部
2023,滋賀,4110.0,jikeiretsu_13,2560.0,estat_nenpo,1407.0,182.0,1224.0,近畿
2023,京都,9483.0,jikeiretsu_13,52337.0,estat_nenpo,2535.0,275.0,2260.0,近畿
2023,大阪,23643.0,jikeiretsu_13,628.0,estat_nenpo,8763.0,984.0,7779.0,近畿
2023,兵庫,15945.0,jikeiretsu_13,85359.0,estat_nenpo,5370.0,629.0,4741.0,近畿
2023,奈良,4018.0,jikeiretsu_13,2597.0,estat_nenpo,1296.0,145.0,1151.0,近畿
2023,和歌山,3118.0,jikeiretsu_13,1740.0,estat_nenpo,892.0,99.0,793.0,近畿
2023,鳥取,2017.0,jikeiretsu_13,558.0,estat_nenpo,537.0,65.0,473.0,中国
2023,島根,2762.0,jikeiretsu_13,1536.0,estat_nenpo,650.0,77.0,573.0,中国
2023,岡山,5283.0,jikeiretsu_13,1421.0,estat_nenpo,1847.0,220.0,1627.0,中国
2023,広島,8870.0,jikeiretsu_13,6696.0,estat_nenpo,2738.0,331.0,2407.0,中国
2023,山口,4196.0,jikeiretsu_13,8391.0,estat_nenpo,1298.0,143.0,1155.0,中国
2023,徳島,2132.0,jikeiretsu_13,307.0,estat_nenpo,695.0,74.0,622.0,四国
2023,香川,3222.0,jikeiretsu_13,665.0,estat_nenpo,926.0,107.0,818.0,四国
2023,愛媛,3743.0,jikeiretsu_13,1030.0,estat_nenpo,1291.0,143.0,1148.0,四国
2023,高知,2375.0,jikeiretsu_13,4076.0,estat_nenpo,666.0,70.0,597.0,四国
2023,福岡,13378.0,jikeiretsu_13,2597.0,estat_nenpo,5103.0,644.0,4459.0,九州・沖縄
2023,佐賀,2959.0,jikeiretsu_13,2395.0,estat_nenpo,795.0,103.0,692.0,九州・沖縄
2023,長崎,3569.0,jikeiretsu_13,854.0,estat_nenpo,1267.0,153.0,1114.0,九州・沖縄
2023,熊本,3334.0,jikeiretsu_13,942.0,estat_nenpo,1709.0,219.0,1490.0,九州・沖縄
2023,大分,3072.0,jikeiretsu_13,1078.0,estat_nenpo,1096.0,127.0,969.0,九州・沖縄
2023,宮崎,1707.0,jikeiretsu_13,,estat_nenpo,1042.0,133.0,910.0,九州・沖縄
2023,鹿児島,1410.0,jikeiretsu_13,,estat_nenpo,1549.0,197.0,1352.0,九州・沖縄
2023,沖縄,1169.0,jikeiretsu_13,,estat_nenpo,1468.0,236.0,1232.0,九州・沖縄
